{"type":"FeatureCollection","features":[{"type":"Feature","properties":{"name":"Afghanistan"},"geometry":{"type":"Polygon","coordinates":[[[74.544,37.021],[72.629,36.833],[71.61,36.459],[71.171,36.026],[71.517,35.702],[71.639,35.191],[70.969,34.469],[71.063,34.054],[69.842,33.943],[70.303,33.352],[69.547,33.075],[69.227,32.421],[69.299,31.938],[68.777,31.619],[68.14,31.825],[67.567,31.53],[67.751,31.329],[66.944,31.315],[66.365,30.923],[66.196,29.836],[64.086,29.387],[63.568,29.498],[62.477,29.407],[60.846,29.858],[61.804,30.847],[61.742,31.32],[60.821,31.494],[60.832,32.249],[60.562,33.137],[60.832,33.485],[60.511,33.639],[60.486,34.095],[60.889,34.319],[61.271,35.618],[62.034,35.424],[62.286,35.14],[63.082,35.437],[63.344,35.856],[64.446,36.249],[64.777,37.119],[65.501,37.242],[65.76,37.578],[66.52,37.364],[67.78,37.188],[68.024,36.925],[68.964,37.33],[69.245,37.104],[69.529,37.587],[70.159,37.541],[70.174,37.946],[70.987,38.471],[71.599,37.899],[71.43,37.067],[71.61,36.705],[72.658,37.029],[73.295,37.465],[73.619,37.234],[74.659,37.394],[74.893,37.23],[74.544,37.021]]]}},{"type":"Feature","properties":{"name":"Åland","tiny":true},"geometry":{"type":"Polygon","coordinates":[[[20.231,60.225],[20.191,60.165],[20.097,60.177],[20.113,60.219],[20.207,60.247],[20.125,60.24],[20.07,60.214],[20.031,60.258],[20.07,60.317],[20.031,60.32],[20.031,60.28],[19.976,60.283],[20.035,60.216],[20.023,60.179],[19.964,60.192],[19.952,60.225],[19.91,60.218],[19.94,60.183],[20.015,60.15],[20.05,60.171],[20.035,60.106],[20.05,60.075],[19.949,60.071],[19.957,60.038],[19.905,60.089],[19.851,60.067],[19.773,60.085],[19.745,60.059],[19.671,60.165],[19.62,60.269],[19.659,60.267],[19.78,60.306],[19.749,60.251],[19.8,60.187],[19.803,60.232],[19.842,60.216],[19.894,60.28],[19.933,60.288],[19.882,60.355],[19.839,60.325],[19.808,60.357],[19.761,60.366],[19.851,60.421],[19.901,60.418],[19.925,60.368],[20.106,60.366],[20.211,60.32],[20.223,60.299],[20.305,60.283],[20.262,60.232],[20.231,60.225]]]}},{"type":"Feature","properties":{"name":"Albania"},"geometry":{"type":"Polygon","coordinates":[[[20.569,41.874],[20.443,41.55],[20.576,41.094],[20.742,40.898],[20.965,40.849],[21.015,40.548],[20.839,40.472],[20.648,40.094],[20.299,39.988],[20.392,39.836],[20.184,39.637],[20,39.694],[20.011,39.866],[19.856,40.05],[19.478,40.214],[19.482,40.439],[19.309,40.645],[19.507,40.905],[19.442,41.144],[19.51,41.237],[19.395,41.403],[19.564,41.585],[19.586,41.818],[19.366,41.852],[19.374,42.104],[19.273,42.181],[19.417,42.374],[19.698,42.654],[19.831,42.468],[20.065,42.546],[20.5,42.212],[20.59,41.994],[20.569,41.874]]]}},{"type":"Feature","properties":{"name":"Algeria"},"geometry":{"type":"Polygon","coordinates":[[[-4.822,24.995],[-8.681,27.285],[-8.681,27.661],[-8.649,28.727],[-7.619,29.39],[-5.755,29.615],[-4.372,30.508],[-3.645,30.711],[-3.818,31.319],[-3.659,31.648],[-2.828,31.795],[-2.515,32.132],[-1.251,32.082],[-1.046,32.517],[-1.424,32.742],[-1.676,33.239],[-1.769,34.741],[-2.223,35.089],[-1.762,35.13],[-1.183,35.577],[0.128,36.05],[1.046,36.487],[2.633,36.606],[2.932,36.808],[3.875,36.918],[4.786,36.896],[5.463,36.665],[6.338,37.07],[6.975,36.891],[7.382,37.083],[7.907,36.85],[8.602,36.94],[8.246,35.908],[8.235,34.648],[7.832,34.414],[7.479,33.894],[7.749,33.208],[8.087,33.095],[8.318,32.561],[9.045,32.072],[9.52,30.229],[9.286,30.116],[9.826,29.129],[9.776,28.267],[9.934,27.867],[9.722,27.291],[9.837,26.504],[9.401,26.113],[9.97,25.395],[10.032,24.856],[10.449,24.476],[10.719,24.552],[11.569,24.267],[11.968,23.517],[7.483,20.873],[5.837,19.478],[4.228,19.142],[3.332,18.975],[3.101,19.154],[3.217,19.794],[1.892,20.231],[1.154,20.738],[1.147,21.101],[-4.822,24.995]]]}},{"type":"Feature","properties":{"name":"American Samoa","tiny":true},"geometry":{"type":"Polygon","coordinates":[[[-170.414,-14.187],[-170.375,-14.156],[-170.357,-14.203],[-170.404,-14.221],[-170.555,-14.229],[-170.591,-14.239],[-170.657,-14.286],[-170.761,-14.419],[-170.826,-14.471],[-170.948,-14.385],[-171.042,-14.33],[-170.93,-14.265],[-170.891,-14.258],[-170.761,-14.252],[-170.696,-14.177],[-170.602,-14.156],[-170.487,-14.159],[-170.414,-14.187]]]}},{"type":"Feature","properties":{"name":"Andorra","tiny":true},"geometry":{"type":"Polygon","coordinates":[[[1.818,42.469],[1.778,42.446],[1.71,42.453],[1.689,42.402],[1.626,42.381],[1.51,42.37],[1.455,42.33],[1.325,42.341],[1.244,42.44],[1.325,42.472],[1.318,42.505],[1.244,42.52],[1.283,42.581],[1.264,42.598],[1.291,42.646],[1.333,42.659],[1.36,42.735],[1.42,42.733],[1.504,42.748],[1.626,42.691],[1.847,42.674],[1.826,42.636],[1.9,42.609],[1.929,42.585],[1.847,42.558],[1.818,42.469]]]}},{"type":"Feature","properties":{"name":"Angola"},"geometry":{"type":"MultiPolygon","coordinates":[[[[23.967,-10.872],[24,-13.001],[21.98,-13.001],[21.98,-16.144],[22.102,-16.537],[23.38,-17.642],[21.382,-18.013],[20.806,-18.032],[18.762,-17.748],[18.452,-17.39],[13.941,-17.409],[13.167,-16.951],[12.566,-17.235],[11.767,-17.253],[11.752,-15.799],[11.994,-15.617],[12.274,-14.751],[12.512,-13.442],[13.178,-12.601],[13.632,-12.264],[13.848,-11.114],[13.754,-10.646],[13.2,-9.709],[12.998,-9.094],[13.38,-8.755],[13.369,-8.324],[12.85,-7.265],[12.829,-6.904],[12.278,-6.148],[13.185,-5.857],[16.256,-5.855],[16.598,-5.925],[16.998,-7.297],[17.628,-8.098],[18.193,-7.997],[19.356,-8.002],[19.521,-7.002],[20.612,-6.916],[20.522,-7.286],[21.786,-7.284],[21.757,-8.015],[21.94,-8.5],[21.793,-9.393],[22.16,-9.932],[22.502,-11.043],[23.013,-11.102],[23.967,-10.872]]],[[[13.074,-4.635],[12.444,-5.055],[12.508,-5.727],[12.21,-5.764],[12.008,-5.02],[12.854,-4.403],[13.074,-4.635]]]]}},{"type":"Feature","properties":{"name":"Anguilla","tiny":true},"geometry":{"type":"Polygon","coordinates":[[[-62.841,18.4],[-62.728,18.41],[-62.728,18.385],[-62.817,18.237],[-62.954,18.191],[-63.173,18.057],[-63.223,18.106],[-63.301,18.046],[-63.413,18.036],[-63.325,18.135],[-63.248,18.17],[-63.159,18.184],[-63.12,18.202],[-63.057,18.272],[-63.018,18.332],[-62.954,18.382],[-62.841,18.4]]]}},{"type":"Feature","properties":{"name":"Antarctica"},"geometry":{"type":"MultiPolygon","coordinates":[[[[-180,-84.352],[-178.297,-84.308],[-177.703,-84.418],[-176.512,-84.435],[-175.882,-84.548],[-175.18,-84.415],[-168.253,-84.648],[-167.443,-84.867],[-166.91,-84.82],[-162.849,-84.883],[-158.871,-85.077],[-158.465,-85.154],[-156.009,-85.222],[-155.505,-85.126],[-157.583,-84.883],[-155.79,-84.904],[-155.642,-84.828],[-158.249,-84.768],[-163.865,-84.55],[-163.659,-84.428],[-165.409,-84.364],[-163.001,-84.362],[-164.156,-84.292],[-165.009,-84.057],[-163.703,-84.05],[-165.513,-83.746],[-166.068,-83.819],[-168.084,-83.78],[-168.584,-83.53],[-174.028,-82.915],[-174.269,-82.757],[-173.182,-82.917],[-171.407,-82.954],[-170.719,-83.197],[-168.087,-83.255],[-168.008,-83.207],[-165.085,-83.202],[-164.617,-83.506],[-163.134,-83.316],[-162.169,-83.525],[-157.554,-83.39],[-156.917,-83.229],[-158.497,-83.118],[-155.592,-83.045],[-155.059,-82.802],[-152.543,-82.549],[-152.895,-82.373],[-154.803,-81.966],[-153.846,-81.678],[-154.998,-81.488],[-157.057,-81.352],[-156.449,-81.149],[-147.628,-80.919],[-149.018,-80.592],[-150.89,-80.398],[-149.968,-80.394],[-150.725,-80.217],[-150.368,-80.075],[-148.834,-80.131],[-149,-79.861],[-147.157,-79.945],[-147.772,-79.78],[-150.447,-79.558],[-152.413,-79.265],[-152.564,-79.175],[-154.969,-79.035],[-156.528,-78.664],[-156.053,-78.495],[-154.361,-78.405],[-154.137,-78.248],[-156.348,-78.199],[-157.201,-78.253],[-158.637,-77.865],[-158.119,-77.556],[-158.324,-77.296],[-157.925,-77.056],[-157.082,-77.351],[-156.323,-77.066],[-154.893,-77.103],[-153.533,-77.254],[-153.864,-77.443],[-152.575,-77.502],[-152.485,-77.319],[-151.513,-77.416],[-149.976,-77.816],[-147.758,-77.461],[-149.022,-77.338],[-148.514,-77.108],[-147.78,-77.37],[-146.89,-77.255],[-146.376,-77.503],[-145.407,-77.48],[-145.965,-77.255],[-145.245,-77.232],[-146.318,-76.99],[-145.346,-77.058],[-146.109,-76.71],[-147.081,-76.433],[-148.453,-76.506],[-149.641,-76.43],[-149.482,-76.293],[-148.197,-76.087],[-146.25,-76.424],[-145.353,-76.435],[-146.498,-76.087],[-146.21,-75.916],[-144.162,-75.805],[-144.356,-75.624],[-141.861,-75.521],[-141.526,-75.768],[-140.914,-75.763],[-141.231,-75.492],[-140.277,-75.433],[-139.568,-75.148],[-137.905,-75.106],[-136.346,-75.178],[-137.008,-75.009],[-136.796,-74.749],[-135.702,-74.748],[-135.342,-74.56],[-134.517,-74.643],[-133.866,-74.928],[-132.793,-74.768],[-130.816,-74.815],[-129.974,-74.913],[-127.796,-74.704],[-126.939,-74.677],[-123.217,-74.756],[-120.977,-74.746],[-118.868,-74.602],[-118.976,-74.405],[-117.971,-74.258],[-117.845,-74.51],[-116.693,-74.559],[-114.839,-74.471],[-115.124,-74.094],[-114.735,-73.927],[-113.95,-73.915],[-113.421,-74.175],[-113.803,-74.452],[-113.227,-74.402],[-113.839,-74.699],[-113.734,-74.96],[-111.542,-74.802],[-111.916,-74.618],[-111.887,-74.229],[-110.671,-74.241],[-110.131,-74.469],[-110.296,-74.781],[-111.617,-75.197],[-109.691,-75.146],[-107.866,-75.323],[-106.448,-75.317],[-105.141,-75.182],[-103.298,-75.085],[-101.552,-75.175],[-101.112,-75.432],[-98.402,-75.236],[-99.381,-75.112],[-99.323,-74.962],[-100.529,-74.856],[-99.921,-74.77],[-100.13,-74.474],[-101.397,-74.503],[-101.588,-74],[-102.732,-73.937],[-102.891,-73.586],[-101.386,-73.667],[-101.163,-73.77],[-99.867,-73.733],[-99.496,-73.618],[-99.77,-73.365],[-102.873,-73.309],[-103.431,-72.85],[-103.042,-72.708],[-102.095,-72.772],[-102.678,-73.005],[-100.767,-72.976],[-97.718,-73.025],[-96.476,-73.299],[-93.57,-73.176],[-91.954,-73.184],[-91.115,-73.301],[-89.229,-73.111],[-89.347,-72.635],[-88.224,-72.713],[-88.714,-73.12],[-88.444,-73.263],[-87.367,-73.169],[-86.946,-73.383],[-85.783,-73.169],[-85.542,-73.372],[-84.466,-73.569],[-83.753,-73.561],[-83.796,-73.743],[-82.932,-73.711],[-82.065,-73.887],[-81.233,-73.729],[-81.312,-73.274],[-80.394,-73.414],[-80.65,-73.084],[-80.376,-72.949],[-79.649,-73.039],[-78.745,-73.365],[-78.871,-73.583],[-76.881,-73.459],[-77.244,-73.812],[-76.305,-73.824],[-75.268,-73.621],[-73.95,-73.709],[-73.072,-73.444],[-70.293,-73.294],[-68.78,-73.108],[-67.51,-72.835],[-66.746,-72.092],[-67.621,-71.433],[-67.412,-70.992],[-67.981,-70.288],[-68.485,-70.053],[-68.395,-69.658],[-68.824,-69.432],[-68.316,-69.289],[-67.528,-69.434],[-67.009,-69.263],[-66.944,-68.223],[-67.268,-67.968],[-66.851,-67.914],[-66.991,-67.468],[-67.661,-67.483],[-67.218,-66.973],[-66.98,-67.276],[-66.419,-66.882],[-66.512,-66.631],[-65.8,-66.715],[-65.872,-66.3],[-65.26,-65.957],[-64.496,-65.94],[-64.478,-65.631],[-63.683,-65.525],[-64.09,-65.413],[-63.827,-65.03],[-63.107,-65.163],[-62.574,-64.657],[-62.142,-64.785],[-60.968,-64.295],[-61.019,-64.083],[-59.935,-63.856],[-59.489,-63.878],[-58.898,-63.541],[-57.286,-63.215],[-57.203,-63.473],[-58.099,-63.664],[-58.733,-64.032],[-58.762,-64.459],[-59.957,-64.388],[-61.051,-65.011],[-61.728,-64.969],[-61.606,-65.224],[-62.2,-65.305],[-61.75,-65.57],[-62.372,-65.916],[-62.023,-66.112],[-61.332,-65.92],[-60.576,-65.94],[-60.994,-66.342],[-61.494,-66.129],[-62.668,-66.227],[-62.79,-66.664],[-63.319,-66.266],[-63.812,-66.188],[-63.83,-66.918],[-64.525,-66.757],[-64.968,-67.034],[-64.748,-67.308],[-65.616,-67.369],[-65.339,-67.657],[-65.76,-68.166],[-64.756,-68.108],[-65.483,-68.309],[-64.975,-68.407],[-65.245,-68.63],[-64.086,-68.829],[-63.989,-68.492],[-63.37,-68.774],[-62.963,-69.38],[-62.398,-69.515],[-62.531,-69.864],[-62.009,-70.075],[-62.394,-70.219],[-62.092,-70.548],[-61.415,-70.503],[-62.005,-70.921],[-61.303,-70.856],[-60.925,-71.338],[-61.555,-71.447],[-60.778,-71.678],[-61.091,-71.87],[-62.441,-71.919],[-62.311,-72.132],[-61.674,-72.046],[-60.67,-72.242],[-60.824,-72.465],[-61.465,-72.407],[-61.217,-72.639],[-60.551,-72.656],[-60.763,-73.074],[-59.903,-72.993],[-60.094,-73.299],[-60.702,-73.392],[-62.002,-73.105],[-61.541,-73.392],[-60.799,-73.578],[-60.911,-73.9],[-61.789,-73.907],[-61.084,-74.064],[-61.976,-74.244],[-60.68,-74.326],[-61.544,-74.543],[-62.365,-74.403],[-61.782,-74.722],[-62.527,-74.998],[-62.736,-74.678],[-63.294,-74.721],[-63.042,-75.148],[-64.273,-75.241],[-63.161,-75.41],[-66.217,-76.011],[-68.104,-76.148],[-69.475,-76.342],[-70.095,-76.674],[-71.707,-76.762],[-75.21,-76.565],[-75.811,-76.639],[-77.367,-76.534],[-77.525,-76.73],[-76.999,-77.036],[-75.437,-77.547],[-75.081,-77.438],[-72.723,-77.576],[-73.626,-78.025],[-74.893,-78.169],[-77.687,-77.931],[-80.229,-77.797],[-81.615,-77.861],[-77.413,-78.42],[-77.755,-78.736],[-80.297,-78.848],[-82.486,-78.466],[-83.677,-78.012],[-83.886,-78.419],[-83.253,-78.773],[-81.744,-79.065],[-81.118,-79.471],[-80.491,-79.579],[-80.43,-79.258],[-76.531,-79.314],[-75.937,-79.569],[-76.632,-79.938],[-77.421,-80.014],[-79.689,-79.982],[-77.665,-80.182],[-76.276,-80.082],[-75.577,-80.403],[-75.725,-80.818],[-74.839,-80.919],[-74.163,-80.8],[-72.769,-80.968],[-72.557,-80.798],[-71.124,-80.602],[-70.433,-80.658],[-69.976,-80.975],[-68.68,-80.962],[-68.37,-81.11],[-65.173,-81.512],[-62.416,-81.558],[-62.207,-81.693],[-65.692,-81.711],[-65.623,-81.784],[-63.478,-81.781],[-63.578,-81.872],[-65.803,-81.889],[-66.03,-82.311],[-65.234,-82.257],[-64.439,-82.41],[-63.236,-82.269],[-62.074,-82.287],[-60.709,-82.161],[-61.12,-82.345],[-62.794,-82.52],[-61.66,-83.057],[-60.979,-82.974],[-61.85,-83.368],[-60.9,-83.474],[-59.471,-83.461],[-57.7,-82.91],[-55.68,-82.461],[-55.226,-82.519],[-54.762,-82.299],[-52.642,-82.161],[-50.762,-81.958],[-48.379,-81.89],[-47.583,-82.02],[-46.28,-81.909],[-46.089,-82.225],[-46.687,-82.405],[-46.053,-82.556],[-44.012,-82.392],[-43.159,-82.125],[-43.13,-81.879],[-41.985,-81.62],[-41.759,-81.407],[-38.792,-80.86],[-37.23,-81.09],[-36.035,-80.921],[-35.358,-80.615],[-33.475,-80.615],[-32.031,-80.435],[-30.505,-80.479],[-31.319,-80.308],[-29.925,-80.285],[-29.76,-80.175],[-24.255,-80.075],[-22.531,-79.916],[-24.73,-79.781],[-30.674,-79.589],[-29.54,-79.28],[-30.527,-79.287],[-30.296,-79.037],[-32.82,-79.244],[-36.251,-78.851],[-36.441,-78.611],[-36.013,-78.211],[-35.315,-77.845],[-34.508,-77.853],[-34.688,-77.618],[-33.72,-77.311],[-30.692,-76.85],[-30.152,-76.636],[-28.86,-76.354],[-26.984,-76.169],[-25.947,-75.933],[-22.3,-75.644],[-21.271,-75.714],[-20.4,-75.472],[-19.766,-75.55],[-18.25,-75.46],[-18.852,-75.263],[-17.8,-74.776],[-17.455,-74.337],[-16.598,-74.307],[-15.752,-74.43],[-14.362,-73.858],[-15.687,-73.949],[-16.461,-73.895],[-15.928,-73.75],[-16.584,-73.686],[-16.544,-73.469],[-15.543,-73.076],[-14.442,-73.165],[-13.894,-72.987],[-14.42,-72.723],[-13.491,-72.846],[-12.436,-72.554],[-11.356,-72.397],[-10.849,-71.781],[-12.152,-71.636],[-12.382,-71.396],[-11.659,-71.276],[-10.96,-71.577],[-9.988,-71.119],[-9.106,-71.185],[-8.746,-71.701],[-7.587,-71.612],[-7.594,-71.114],[-7.857,-70.825],[-6.619,-70.925],[-6.431,-70.737],[-5.675,-70.732],[-6.179,-71.359],[-4.387,-71.323],[-3.472,-71.521],[-2.885,-71.268],[-1.489,-71.458],[-1.136,-71.256],[-0.952,-71.624],[-0.47,-71.754],[0.232,-71.35],[2.633,-70.893],[7.569,-70.525],[7.425,-70.204],[7.835,-70.163],[7.929,-70.472],[9.167,-70.308],[10.809,-70.646],[11.853,-70.781],[12.321,-70.371],[13.02,-70.243],[12.969,-70.047],[13.848,-70.347],[14.51,-70.283],[15.828,-70.378],[16.519,-70.126],[16.504,-70.454],[18.092,-70.543],[18.254,-70.325],[18.942,-70.172],[19.298,-70.368],[18.916,-70.634],[19.291,-70.915],[20.421,-70.923],[21.202,-70.812],[21.156,-70.65],[21.8,-70.236],[22.578,-70.54],[21.854,-70.638],[23.323,-70.81],[23.751,-70.403],[24.968,-70.945],[26.102,-71.043],[27.628,-70.741],[28.453,-70.693],[29.842,-70.312],[31.279,-70.238],[32.744,-70.013],[32.928,-69.344],[32.561,-68.856],[33.216,-68.669],[34.213,-68.677],[33.77,-69.054],[34.587,-69.067],[35.199,-69.294],[35.318,-69.734],[36.416,-69.606],[37.035,-69.886],[37.788,-69.682],[38.713,-70.189],[39.21,-69.707],[39.797,-69.527],[39.858,-68.829],[40.74,-68.746],[41.543,-68.473],[42.536,-68.38],[42.86,-68.103],[44.829,-67.966],[44.718,-67.784],[45.848,-67.657],[46.37,-67.743],[46.28,-67.335],[46.892,-67.264],[47.439,-67.409],[47.058,-67.684],[48.717,-67.683],[48.631,-67.451],[49.257,-67.173],[48.447,-67.181],[48.361,-67.016],[49.218,-66.818],[49.794,-67.028],[49.664,-67.279],[50.46,-67.068],[50.777,-66.756],[50.19,-66.587],[50.539,-66.303],[51.353,-66.222],[52.22,-65.972],[53.736,-65.846],[55.612,-66.028],[56.4,-66.462],[56.807,-66.406],[57.242,-66.719],[56.011,-66.661],[56.602,-66.943],[56.155,-67.196],[57.563,-66.994],[58.456,-67.195],[59.514,-67.607],[59.68,-67.394],[60.468,-67.37],[62.617,-67.661],[63.65,-67.504],[64.72,-67.652],[68.377,-67.895],[69.353,-67.73],[70.181,-68.495],[69.281,-68.831],[69.857,-68.873],[69.302,-69.047],[69.706,-69.327],[68.741,-69.39],[69.356,-69.618],[68.608,-70.026],[68.28,-69.846],[67.607,-70.015],[67.229,-70.305],[68.536,-70.472],[69.148,-70.308],[69.212,-70.671],[68.809,-71.08],[68.082,-71.365],[67.283,-72.071],[66.998,-72.904],[66.325,-73.132],[67.34,-73.302],[68.021,-73.147],[67.92,-72.693],[68.413,-72.482],[69.63,-72.431],[70.444,-71.862],[71.538,-71.61],[71.203,-71.335],[71.725,-70.774],[72.87,-70.433],[72.629,-70.195],[74.22,-69.734],[75.415,-69.942],[75.883,-69.778],[75.822,-69.525],[77.842,-69.13],[78.465,-68.502],[79.131,-68.147],[81.877,-67.7],[83.188,-67.581],[83.418,-67.428],[84.963,-67.076],[85.441,-67.19],[86.698,-67.065],[87.965,-66.771],[90.399,-66.82],[91.144,-66.573],[91.961,-66.499],[92.76,-66.634],[93.732,-66.604],[93.74,-66.747],[94.917,-66.475],[95.558,-66.71],[96.108,-66.57],[97.235,-66.507],[97.671,-66.678],[98.528,-66.448],[98.801,-66.901],[99.575,-66.548],[100.821,-66.384],[101.476,-66.058],[101.336,-65.943],[102.714,-65.861],[103.91,-65.979],[106.768,-66.455],[108.136,-66.624],[108.86,-66.972],[110.656,-66.729],[110.491,-66.308],[110.926,-66.055],[113.205,-65.766],[114.429,-66.225],[114.321,-66.509],[115.599,-66.594],[115.783,-66.788],[115.16,-67.055],[114.029,-67.191],[113.705,-67.5],[115.336,-67.22],[118.367,-67.046],[118.292,-67.181],[120.34,-67.012],[118.731,-67.279],[119.444,-67.365],[121.514,-67.093],[122.245,-66.845],[123.559,-66.749],[124.016,-66.588],[124.653,-66.766],[125.899,-66.306],[126.392,-66.553],[126.853,-66.45],[126.705,-66.845],[127.432,-67.07],[128.073,-67.022],[129.063,-67.174],[129.722,-66.438],[130.73,-66.148],[131.76,-66.244],[133.794,-66.106],[134.438,-66.328],[135.648,-66.278],[137.415,-66.35],[138.186,-66.538],[139.251,-66.567],[141.26,-66.857],[141.98,-66.8],[142.477,-67.026],[143.47,-66.845],[143.751,-67.139],[144.662,-67.117],[143.91,-67.755],[144.248,-67.955],[145.422,-67.509],[145.645,-67.737],[146.048,-67.586],[147.031,-68.416],[149.785,-68.486],[150.854,-68.351],[150.969,-68.718],[152.402,-68.699],[153.252,-68.878],[153.846,-68.76],[153.835,-68.274],[154.843,-68.728],[156.351,-69.202],[157.14,-69.162],[157.374,-69.354],[157.874,-69.172],[159.753,-69.501],[160.333,-69.797],[159.761,-69.885],[160.635,-70.048],[161.453,-70.687],[161.388,-70.906],[161.989,-70.923],[162.093,-70.313],[162.709,-70.3],[164.012,-70.791],[164.239,-70.491],[165.312,-70.56],[166.471,-70.766],[167.702,-70.791],[168.102,-71.109],[169.761,-71.507],[170.363,-71.544],[170.284,-71.298],[170.968,-71.835],[170.334,-71.801],[169.866,-72.397],[170.255,-72.603],[168.707,-72.358],[168.869,-72.576],[169.931,-72.737],[169.556,-73.091],[168.894,-73.223],[166.766,-73.064],[167.094,-73.252],[167.929,-73.358],[166.453,-73.593],[165.261,-73.893],[164.829,-73.437],[164.858,-74.209],[165.459,-74.494],[163.685,-74.616],[163.537,-74.341],[162.59,-74.749],[162.543,-75.241],[161.777,-75.188],[160.639,-75.398],[162.191,-75.388],[162.029,-75.573],[162.9,-75.823],[162.165,-76.251],[162.731,-76.232],[162.885,-76.44],[162.425,-76.639],[162.943,-76.72],[162.302,-76.951],[163.022,-77.014],[163.717,-77.397],[163.559,-77.72],[164.502,-77.855],[163.883,-78.221],[165.096,-78.253],[165.416,-78.025],[165.787,-78.42],[167,-78.501],[167.069,-78.707],[166.089,-78.567],[164.408,-78.604],[163.85,-78.738],[162.482,-78.778],[161.363,-78.579],[162.065,-79.069],[160.697,-79.038],[160.387,-79.168],[160.686,-79.45],[159.876,-79.661],[160.841,-79.619],[159.498,-79.82],[161.384,-79.947],[158.781,-80.259],[158.587,-80.477],[160.751,-80.381],[161.24,-80.803],[159.577,-80.767],[160.603,-80.869],[161.143,-81.244],[160.131,-81.203],[161.01,-81.549],[162.479,-81.689],[162.727,-81.887],[163.839,-82.231],[160.639,-82.422],[160.859,-82.502],[162.77,-82.486],[164.675,-82.34],[165.56,-82.493],[165.373,-82.606],[167.306,-82.817],[167.655,-83.062],[168.591,-83],[168.415,-83.267],[167.058,-83.226],[168.66,-83.397],[169.383,-83.337],[170.402,-83.491],[171.576,-83.5],[172.098,-83.717],[173.621,-83.749],[173.29,-83.856],[174.974,-83.831],[175.676,-83.962],[179.356,-84.197],[179.698,-84.332],[-180,-84.352]]],[[[-52.519,-80.2],[-50.262,-79.536],[-50.712,-79.282],[-50.204,-78.593],[-49.074,-78.042],[-47.223,-77.772],[-45.935,-77.818],[-44.516,-78.042],[-43.818,-78.248],[-43.962,-78.603],[-45.157,-78.662],[-45.218,-78.819],[-43.739,-78.8],[-42.961,-79.44],[-43.206,-79.979],[-43.857,-79.997],[-43.53,-80.2],[-49.718,-80.686],[-49.797,-80.791],[-54.161,-80.877],[-54.377,-80.577],[-53.344,-80.107],[-52.411,-80.055],[-52.523,-80.198],[-52.519,-80.2]]],[[[-71.459,-72.629],[-72.409,-72.674],[-73.093,-72.384],[-70.71,-72.397],[-70.458,-72.141],[-71.553,-72.279],[-72.013,-72.12],[-70.771,-71.99],[-70.879,-71.847],[-71.83,-71.803],[-72.337,-71.614],[-72.946,-71.929],[-74.004,-72.174],[-75.358,-71.924],[-75.016,-71.526],[-74.389,-71.668],[-74.123,-71.382],[-72.19,-71.374],[-73.126,-71.144],[-72.395,-71.065],[-71.689,-71.159],[-71.326,-70.965],[-70.411,-70.945],[-69.839,-71.153],[-69.785,-70.854],[-70.703,-70.832],[-71.268,-70.68],[-70.998,-70.465],[-70.116,-70.33],[-70.231,-70.136],[-71.319,-70.177],[-71.913,-69.966],[-71.617,-69.456],[-72.157,-69.226],[-72.013,-68.956],[-70.401,-68.787],[-70.105,-68.89],[-70.109,-69.3],[-69.702,-69.316],[-69.284,-69.923],[-68.298,-70.869],[-68.251,-71.884],[-68.413,-72.22],[-69.22,-72.542],[-71.193,-72.64],[-71.459,-72.629]]],[[[-59.287,-80.21],[-59.6,-80.217],[-59.82,-80.746],[-60.652,-80.96],[-62.524,-80.865],[-63.143,-80.592],[-64.284,-80.751],[-66.7,-80.413],[-66.577,-80.227],[-65.918,-80.394],[-61.75,-80.369],[-61.523,-79.893],[-60.486,-79.737],[-59.82,-79.77],[-59.899,-80.116],[-59.298,-80.195],[-59.287,-80.21]]],[[[-66.736,-78.442],[-68.946,-79.097],[-70.343,-79.697],[-71.445,-79.653],[-71.779,-79.525],[-71.394,-79.103],[-70.591,-78.886],[-66.991,-78.307],[-66.75,-78.436],[-66.736,-78.442]]],[[[-159.843,-79.349],[-159.069,-79.818],[-160.715,-79.854],[-163.483,-79.489],[-164.318,-79.288],[-164.246,-79.043],[-163.242,-78.706],[-162.353,-78.753],[-159.995,-79.327],[-159.843,-79.349]]],[[[-95.5,-72.316],[-96.054,-72.583],[-98.582,-72.573],[-99.186,-72.375],[-102.293,-72.127],[-102.088,-71.973],[-100.436,-71.879],[-99.748,-72.041],[-98.826,-71.761],[-97.739,-71.884],[-97.307,-72.178],[-97.048,-71.877],[-96.36,-71.835],[-96.202,-72.024],[-97.001,-72.215],[-95.554,-72.313],[-95.5,-72.316]]],[[[-127.472,-73.549],[-127.148,-73.277],[-126.104,-73.296],[-125.269,-73.699],[-124.027,-73.854],[-124.009,-74.263],[-124.783,-74.226],[-126.475,-73.843],[-126.547,-73.67],[-127.231,-73.733],[-127.45,-73.561],[-127.472,-73.549]]],[[[-120.261,-73.927],[-121.003,-74.148],[-121.1,-74.348],[-122.245,-74.413],[-123.029,-74.248],[-122.349,-73.925],[-123.35,-73.848],[-123.065,-73.675],[-120.686,-73.767],[-120.286,-73.917],[-120.261,-73.927]]],[[[169.272,-77.454],[168.401,-77.696],[166.874,-77.671],[166.165,-77.536],[166.827,-77.161],[167.569,-77.414],[169.142,-77.433],[169.272,-77.454]]],[[[-74.911,-71.023],[-76.132,-71.138],[-76.542,-70.965],[-75.199,-70.776],[-74.904,-70.584],[-73.885,-70.57],[-73.619,-70.774],[-74.656,-70.999],[-74.911,-71.023]]],[[[-69.108,-67.627],[-69.155,-67.475],[-68.377,-66.822],[-67.859,-66.626],[-67.978,-67.066],[-67.675,-67.147],[-68.557,-67.742],[-69.083,-67.64],[-69.108,-67.627]]],[[[-74.847,-72.867],[-74.22,-72.992],[-74.595,-73.615],[-75.876,-73.346],[-76.125,-73.159],[-74.947,-72.865],[-74.847,-72.867]]],[[[-66.149,-79.628],[-66.584,-79.702],[-65.566,-79.813],[-66.224,-80.087],[-67.805,-79.538],[-66.451,-79.623],[-66.149,-79.628]]],[[[-160.571,-81.598],[-163.728,-81.482],[-163.85,-81.32],[-162.983,-81.271],[-160.675,-81.463],[-160.488,-81.597],[-160.571,-81.598]]],[[[-169.031,-83.153],[-169.862,-83.147],[-171.821,-82.824],[-169.495,-83.099],[-169.031,-83.153]]],[[[-62.905,-64.522],[-63.683,-64.853],[-64.28,-64.709],[-63.575,-64.265],[-62.912,-64.52],[-62.905,-64.522]]],[[[-20.367,-74.425],[-20.842,-74.462],[-21.336,-74.003],[-20.533,-73.64],[-20.691,-74.103],[-20.367,-74.393],[-20.367,-74.425]]],[[[-29.619,-79.911],[-29.99,-79.965],[-32.089,-79.81],[-31.592,-79.648],[-31.095,-79.81],[-29.612,-79.91],[-29.619,-79.911]]],[[[-33.918,-79.312],[-34.073,-79.361],[-36.726,-79.298],[-35.502,-79.091],[-34.022,-79.268],[-33.918,-79.312]]],[[[-57.512,-64.341],[-58.459,-64.086],[-57.793,-63.792],[-57.826,-64.056],[-57.091,-64.154],[-57.498,-64.338],[-57.512,-64.341]]],[[[-162.338,-82.924],[-161.575,-83.025],[-162.403,-83.148],[-163.26,-83.081],[-163.749,-82.834],[-162.41,-82.897],[-162.338,-82.924]]],[[[-75.484,-70.134],[-75.833,-70.016],[-75.437,-69.768],[-74.785,-69.736],[-74.397,-69.962],[-75.178,-70.158],[-75.484,-70.134]]],[[[-90.903,-72.819],[-90.917,-73.101],[-91.526,-73.193],[-91.335,-72.897],[-91.688,-72.61],[-91.043,-72.542],[-90.788,-72.745],[-90.903,-72.819]]],[[[-61.757,-69.454],[-61.958,-69.709],[-62.578,-69.189],[-61.768,-69.444],[-61.757,-69.454]]],[[[-149.727,-77.13],[-150.782,-76.972],[-149.961,-76.87],[-149.31,-77.14],[-149.727,-77.13]]],[[[-116.139,-73.902],[-116.783,-74.174],[-117.37,-74.079],[-116.315,-73.865],[-116.139,-73.902]]],[[[-130.921,-74.444],[-131.205,-74.608],[-132.181,-74.423],[-131.806,-74.322],[-130.946,-74.439],[-130.921,-74.444]]],[[[167.663,-78.127],[166.316,-78.311],[166.093,-78.083],[166.795,-78.211],[167.623,-78.083],[167.663,-78.127]]],[[[-127.13,-74.469],[-127.551,-74.643],[-128.188,-74.315],[-127.13,-74.467],[-127.13,-74.469]]],[[[-68.233,-79.287],[-67.06,-79.261],[-67.466,-79.506],[-68.417,-79.312],[-68.233,-79.287]]],[[[-62.657,-64.503],[-62.372,-64.01],[-62.009,-64.142],[-62.628,-64.517],[-62.657,-64.503]]],[[[26.764,-70.224],[26.818,-70.423],[25.911,-70.285],[26.329,-70.067],[26.739,-70.187],[26.764,-70.224]]],[[[-119.822,-74.121],[-119.905,-73.826],[-119.123,-73.78],[-119.005,-73.983],[-119.696,-74.126],[-119.822,-74.121]]],[[[-55.158,-63.205],[-56.335,-63.438],[-56.371,-63.228],[-55.385,-63.188],[-55.158,-63.205]]],[[[-2.716,-70.82],[-2.666,-70.994],[-3.569,-70.693],[-2.734,-70.793],[-2.716,-70.82]]],[[[100.565,-65.403],[101.253,-65.494],[100.968,-65.683],[100.299,-65.658],[100.482,-65.432],[100.565,-65.403]]],[[[-61.159,-62.663],[-60.796,-62.468],[-59.989,-62.63],[-61.109,-62.678],[-61.159,-62.663]]],[[[16.245,-69.706],[16.173,-70.074],[15.59,-69.932],[15.972,-69.717],[16.245,-69.706]]],[[[-58.466,-62.161],[-58.412,-61.933],[-57.592,-62.026],[-58.549,-62.181],[-58.466,-62.161]]],[[[-72.845,-69.586],[-72.399,-69.466],[-72.035,-69.741],[-72.841,-69.603],[-72.845,-69.586]]]]}},{"type":"Feature","properties":{"name":"Antigua and Barbuda","tiny":true},"geometry":{"type":"Polygon","coordinates":[[[-62.09,16.986],[-62.09,17.08],[-62.035,17.104],[-62.123,17.146],[-62.09,17.177],[-61.969,17.216],[-61.99,17.294],[-61.915,17.349],[-61.818,17.34],[-61.764,17.222],[-61.71,17.186],[-61.664,17.267],[-61.634,17.228],[-61.568,17.228],[-61.622,17.186],[-61.58,17.119],[-61.48,17.146],[-61.438,17.08],[-61.526,17.08],[-61.447,17.014],[-61.492,16.926],[-61.622,16.956],[-61.643,16.92],[-61.622,16.845],[-61.655,16.808],[-61.773,16.896],[-61.894,16.857],[-61.99,16.866],[-62.111,16.947],[-62.09,16.986]]]}},{"type":"Feature","properties":{"name":"Argentina"},"geometry":{"type":"MultiPolygon","coordinates":[[[[-67.193,-22.822],[-66.239,-21.792],[-65.746,-22.115],[-64.586,-22.213],[-64.295,-22.763],[-63.949,-22.008],[-62.804,-22.003],[-62.65,-22.235],[-61.746,-23.234],[-61.008,-23.805],[-60.032,-24.008],[-58.808,-24.776],[-57.764,-25.168],[-57.556,-25.46],[-58.171,-26.27],[-58.247,-26.758],[-58.654,-27.197],[-56.368,-27.581],[-56.123,-27.299],[-55.756,-27.444],[-55.432,-26.996],[-54.816,-26.665],[-54.6,-25.575],[-53.909,-25.629],[-53.66,-26.26],[-53.84,-27.164],[-54.899,-27.623],[-55.774,-28.232],[-56.414,-29.051],[-57.613,-30.183],[-57.887,-30.59],[-57.905,-31.241],[-58.204,-31.893],[-58.2,-32.447],[-58.146,-33.05],[-58.384,-33.075],[-58.571,-34.288],[-58.153,-34.75],[-57.523,-35.014],[-57.145,-35.485],[-57.25,-36.17],[-56.699,-36.397],[-56.666,-36.851],[-57.458,-37.795],[-57.595,-38.153],[-59.064,-38.693],[-61.519,-39.012],[-62.39,-38.815],[-62.045,-39.338],[-62.491,-40.307],[-62.182,-40.627],[-62.336,-40.873],[-63.1,-41.155],[-63.78,-41.159],[-64.756,-40.804],[-65.123,-40.834],[-65.076,-41.95],[-64.601,-42.422],[-64.129,-42.433],[-63.809,-42.07],[-63.622,-42.751],[-64.108,-42.884],[-64.345,-42.531],[-64.997,-42.785],[-64.327,-43.009],[-64.766,-43.148],[-65.335,-43.673],[-65.216,-44.367],[-65.645,-44.667],[-65.602,-45.027],[-66.199,-44.993],[-67.009,-45.304],[-67.621,-46.163],[-67.423,-46.567],[-66.7,-47.038],[-65.98,-47.067],[-65.735,-47.509],[-65.969,-48.048],[-67.556,-49.015],[-67.834,-49.954],[-68.878,-50.331],[-69.169,-50.978],[-68.935,-51.646],[-68.449,-52.347],[-69.954,-52.008],[-71.916,-51.991],[-72.449,-51.553],[-72.258,-51.231],[-72.301,-50.648],[-73.176,-50.75],[-73.529,-50.14],[-73.587,-49.53],[-72.593,-48.791],[-72.294,-48.333],[-72.543,-47.915],[-71.686,-46.69],[-71.801,-45.718],[-71.311,-45.299],[-72.049,-44.755],[-71.297,-44.796],[-71.211,-44.428],[-71.823,-44.404],[-71.661,-43.926],[-71.938,-43.457],[-71.743,-43.19],[-72.15,-42.999],[-72.125,-42.263],[-71.736,-42.084],[-71.927,-41.623],[-71.956,-40.721],[-71.52,-39.615],[-71.416,-38.935],[-70.872,-38.692],[-71.185,-37.626],[-71.045,-36.485],[-70.451,-36.152],[-70.559,-35.299],[-70.228,-34.585],[-69.828,-34.234],[-69.788,-33.379],[-70.012,-33.3],[-70.159,-32.486],[-70.591,-31.549],[-70.149,-30.353],[-69.911,-30.33],[-70.044,-29.364],[-69.821,-29.121],[-69.655,-28.401],[-69.173,-27.923],[-68.802,-27.113],[-68.33,-27.045],[-68.572,-26.551],[-68.42,-26.179],[-68.608,-25.436],[-68.366,-25.104],[-68.579,-24.808],[-68.244,-24.386],[-67.362,-24.03],[-67.013,-23.001],[-67.193,-22.822]]],[[[-68.64,-54.784],[-68.629,-52.639],[-68.266,-52.98],[-68.453,-53.298],[-67.297,-54.054],[-65.854,-54.645],[-65.141,-54.647],[-65.332,-54.914],[-66.631,-55.032],[-67.031,-54.905],[-68.64,-54.784]]]]}},{"type":"Feature","properties":{"name":"Armenia"},"geometry":{"type":"Polygon","coordinates":[[[45.002,41.29],[45.067,41.111],[45.42,41.018],[45.6,40.862],[45.373,40.675],[45.585,40.398],[45.978,40.224],[45.873,40.01],[45.639,40.025],[46.205,39.588],[46.529,39.539],[46.374,39.378],[46.604,39.216],[46.417,39.213],[46.514,38.882],[46.136,38.863],[45.765,39.355],[45.798,39.537],[45.423,39.493],[45.168,39.566],[45.035,39.77],[44.775,39.702],[44.466,39.973],[43.667,40.109],[43.562,40.464],[43.724,40.746],[43.44,41.107],[43.731,41.107],[44.192,41.231],[44.552,41.177],[45.002,41.29]],[[44.981,41.082],[44.963,41.074],[44.981,41.082],[44.981,41.082]],[[45.211,40.969],[45.222,40.979],[45.211,40.969],[45.211,40.969]]]}},{"type":"Feature","properties":{"name":"Aruba","tiny":true},"geometry":{"type":"Polygon","coordinates":[[[-70.056,12.69],[-69.862,12.543],[-69.792,12.438],[-69.677,12.298],[-69.677,12.212],[-69.769,12.183],[-69.897,12.253],[-69.827,12.275],[-69.932,12.33],[-70.148,12.518],[-70.254,12.562],[-70.263,12.626],[-70.219,12.712],[-70.263,12.846],[-70.219,12.868],[-70.091,12.718],[-70.056,12.69]]]}},{"type":"Feature","properties":{"name":"Australia"},"geometry":{"type":"MultiPolygon","coordinates":[[[[131.536,-31.606],[130.158,-31.574],[128.93,-31.708],[127.288,-32.273],[126.187,-32.233],[124.117,-33.121],[123.951,-33.567],[123.526,-33.938],[123.022,-33.86],[122.093,-34.019],[122.007,-33.82],[120.02,-33.923],[119.354,-34.494],[118.839,-34.453],[118.4,-34.901],[117.683,-35.046],[116.639,-35.051],[115.977,-34.835],[115.613,-34.446],[115.12,-34.364],[114.987,-33.521],[115.433,-33.595],[115.667,-33.288],[115.765,-32.628],[115.682,-31.648],[115.181,-30.828],[114.976,-30.215],[114.98,-29.48],[114.53,-28.523],[114.166,-28.108],[114.011,-27.316],[113.299,-26.397],[113.885,-26.343],[113.576,-26.09],[113.533,-25.619],[114.105,-26.448],[114.26,-25.841],[113.713,-25.125],[113.399,-24.458],[113.461,-23.91],[113.806,-23.076],[113.651,-22.562],[114.159,-21.792],[114.112,-22.478],[114.368,-22.478],[114.645,-21.843],[115.48,-21.502],[116.189,-20.858],[117.154,-20.597],[117.831,-20.62],[118.137,-20.362],[118.807,-20.281],[119.095,-19.967],[119.566,-20.068],[120.956,-19.634],[121.521,-19.07],[121.823,-18.452],[122.324,-18.15],[122.173,-17.262],[122.961,-16.58],[123.555,-17.518],[123.508,-16.654],[123.713,-16.333],[124.401,-16.33],[124.39,-15.523],[125.589,-14.545],[125.909,-14.639],[126.431,-13.971],[126.568,-14.195],[126.953,-13.724],[127.346,-13.905],[128.174,-14.699],[128.123,-15.181],[128.534,-14.753],[129.61,-14.943],[129.358,-14.408],[129.891,-13.437],[130.273,-13.319],[130.129,-12.941],[130.622,-12.438],[131.05,-12.373],[131.277,-12.058],[131.493,-12.297],[132.717,-12.14],[132.696,-11.654],[132.202,-11.411],[132.343,-11.122],[132.674,-11.509],[132.912,-11.331],[133.524,-11.858],[133.801,-11.715],[135.072,-12.26],[135.903,-11.85],[135.651,-12.164],[136.058,-12.431],[136.45,-11.943],[136.926,-12.289],[136.566,-13.059],[135.885,-13.326],[135.91,-14.195],[135.471,-14.948],[136.242,-15.425],[136.706,-15.916],[136.99,-15.864],[137.746,-16.252],[138.153,-16.678],[139.039,-16.916],[139.273,-17.348],[140,-17.706],[140.846,-17.441],[141.433,-16.061],[141.667,-15.011],[141.487,-13.949],[141.822,-12.654],[141.595,-12.525],[141.919,-12.107],[142.174,-10.93],[142.617,-10.752],[142.873,-11.85],[143.204,-11.983],[143.078,-12.329],[143.434,-12.613],[143.532,-13.75],[143.942,-14.511],[144.45,-14.244],[144.676,-14.557],[145.346,-14.943],[145.256,-15.389],[145.4,-16.443],[146.149,-17.633],[146.008,-18.236],[146.34,-18.527],[146.275,-18.874],[147.682,-19.828],[148.561,-20.053],[148.935,-20.534],[148.654,-20.556],[149.23,-21.09],[149.662,-22.495],[150.055,-22.142],[150.829,-22.714],[150.764,-23.158],[151.441,-24.006],[151.902,-24.155],[153.205,-25.934],[153.079,-26.28],[153.205,-27.045],[153.039,-27.194],[153.446,-27.81],[153.623,-28.644],[153.349,-29.281],[152.989,-30.735],[152.935,-31.483],[152.51,-32.162],[152.539,-32.442],[151.833,-32.864],[150.926,-34.33],[150.761,-35.179],[150.555,-35.213],[150.152,-35.894],[149.904,-36.929],[149.986,-37.496],[149.479,-37.786],[148.305,-37.824],[147.589,-38.08],[146.476,-38.81],[146.394,-39.146],[146.091,-38.82],[145.375,-38.531],[144.964,-37.883],[144.727,-38.165],[143.535,-38.859],[142.398,-38.367],[141.372,-38.386],[140.95,-38.055],[140.396,-37.916],[139.741,-37.18],[139.852,-36.621],[139.244,-35.694],[139.352,-35.37],[138.2,-35.672],[138.535,-34.74],[138.078,-34.129],[137.685,-35.179],[136.875,-35.294],[137.03,-34.901],[137.448,-34.918],[137.451,-34.156],[137.937,-33.528],[138.038,-33.139],[137.451,-33.139],[137.224,-33.653],[136.371,-34.073],[135.824,-34.874],[135.406,-34.644],[135.19,-33.893],[134.812,-33.352],[134.334,-33.205],[134.15,-32.457],[132.796,-31.956],[132.195,-32.018],[131.785,-31.728],[131.536,-31.606]]],[[[147.999,-43.23],[147.841,-42.903],[147.358,-42.911],[146.926,-43.612],[146.023,-43.553],[145.472,-42.915],[145.188,-42.195],[145.515,-42.359],[144.748,-41.413],[144.691,-40.704],[145.263,-40.775],[146.214,-41.155],[147.445,-41.008],[147.985,-40.736],[148.334,-41.292],[148.262,-41.8],[147.888,-42.545],[147.996,-43.22],[147.999,-43.23]]],[[[131.536,-11.413],[130.978,-11.926],[130.496,-11.649],[130.399,-11.152],[130.723,-11.386],[131.533,-11.397],[131.536,-11.413]]],[[[138.128,-35.816],[137.458,-36.083],[136.717,-36.062],[136.58,-35.769],[137.336,-35.583],[138.11,-35.816],[138.128,-35.816]]],[[[136.951,-14.182],[136.425,-14.195],[136.717,-13.648],[136.724,-14.185],[136.962,-14.165],[136.951,-14.182]]],[[[153.371,-24.989],[153.054,-25.798],[153.039,-25.183],[153.36,-24.975],[153.371,-24.989]]],[[[130.536,-11.705],[130.053,-11.823],[130.348,-11.34],[130.532,-11.7],[130.536,-11.705]]]]}},{"type":"Feature","properties":{"name":"Austria"},"geometry":{"type":"Polygon","coordinates":[[[16.944,48.605],[16.843,48.365],[17.149,48.005],[17.055,47.703],[16.569,47.754],[16.486,46.999],[16.094,46.862],[15.986,46.691],[15.651,46.71],[15.464,46.615],[15.061,46.649],[14.834,46.585],[14.539,46.379],[13.7,46.519],[12.404,46.69],[12.206,47.08],[11.173,46.963],[10.996,46.769],[10.453,46.864],[10.374,46.997],[10.111,46.847],[9.859,47.016],[9.581,47.056],[9.61,47.081],[9.617,47.107],[9.607,47.132],[9.581,47.154],[9.553,47.168],[9.563,47.198],[9.542,47.228],[9.545,47.244],[9.52,47.262],[9.549,47.534],[9.769,47.588],[10.305,47.303],[10.413,47.573],[11.259,47.401],[12.177,47.698],[12.76,47.667],[13.038,47.493],[12.739,48.113],[13.718,48.522],[13.815,48.767],[14.074,48.591],[14.697,48.589],[14.978,49.006],[16.033,48.758],[16.436,48.795],[16.944,48.605]]]}},{"type":"Feature","properties":{"name":"Azerbaijan"},"geometry":{"type":"MultiPolygon","coordinates":[[[[45.002,41.29],[45.251,41.445],[46.212,41.2],[46.496,41.045],[46.694,41.269],[46.194,41.61],[46.431,41.891],[46.741,41.852],[47.267,41.303],[47.9,41.229],[48.581,41.845],[49.135,41.274],[49.589,40.624],[50.053,40.584],[50.359,40.366],[49.895,40.369],[49.434,40.043],[49.193,39.017],[48.966,39.184],[48.876,38.434],[48.609,38.395],[48.012,38.821],[48.307,39.046],[48.339,39.378],[47.846,39.686],[46.881,39.172],[46.514,38.882],[46.417,39.213],[46.604,39.216],[46.374,39.378],[46.529,39.539],[46.205,39.588],[45.639,40.025],[45.873,40.01],[45.978,40.224],[45.585,40.398],[45.373,40.675],[45.6,40.862],[45.42,41.018],[45.067,41.111],[45.002,41.29]],[[45.513,40.602],[45.481,40.609],[45.513,40.602],[45.513,40.602]]],[[[46.136,38.863],[45.427,39.015],[44.808,39.64],[44.775,39.702],[45.035,39.77],[45.168,39.566],[45.423,39.493],[45.798,39.537],[45.765,39.355],[46.136,38.863]]]]}},{"type":"Feature","properties":{"name":"Bahrain","tiny":true},"geometry":{"type":"Polygon","coordinates":[[[50.554,26.285],[50.619,26.233],[50.657,26.271],[50.684,26.167],[50.652,26.159],[50.663,26.073],[50.657,25.937],[50.635,25.771],[50.575,25.674],[50.548,25.769],[50.493,25.86],[50.428,25.927],[50.418,25.97],[50.466,26.066],[50.434,26.178],[50.407,26.218],[50.401,26.262],[50.428,26.351],[50.483,26.359],[50.548,26.336],[50.608,26.359],[50.642,26.312],[50.635,26.289],[50.575,26.292],[50.554,26.285]]]}},{"type":"Feature","properties":{"name":"Bangladesh"},"geometry":{"type":"Polygon","coordinates":[[[92.577,21.977],[92.602,21.42],[92.235,21.417],[92.264,21.06],[91.745,22.411],[91.457,22.773],[90.957,22.575],[90.626,23.077],[90.406,22.763],[90.615,22.315],[90.204,21.805],[89.887,21.9],[89.272,21.699],[89.059,22.129],[88.541,23.639],[88.75,24.223],[88.023,24.645],[88.44,25.189],[88.923,25.167],[88.073,25.908],[88.397,26.559],[88.807,26.233],[89.833,25.932],[89.819,25.285],[90.366,25.15],[92.033,25.182],[92.253,24.904],[91.878,24.157],[91.364,24.1],[91.14,23.612],[91.587,22.945],[91.936,23.723],[92.35,23.354],[92.577,21.977]]]}},{"type":"Feature","properties":{"name":"Barbados","tiny":true},"geometry":{"type":"Polygon","coordinates":[[[-59.277,13.108],[-59.284,13.029],[-59.469,12.868],[-59.529,12.856],[-59.595,12.919],[-59.698,12.933],[-59.73,12.954],[-59.789,13.108],[-59.805,13.424],[-59.782,13.49],[-59.705,13.541],[-59.663,13.518],[-59.562,13.317],[-59.529,13.274],[-59.394,13.179],[-59.3,13.144],[-59.277,13.108]]]}},{"type":"Feature","properties":{"name":"Belarus"},"geometry":{"type":"Polygon","coordinates":[[[23.607,51.517],[23.636,52.085],[23.164,52.289],[23.87,52.671],[23.895,53.152],[23.485,53.939],[24.788,53.969],[24.856,54.146],[25.472,54.297],[25.72,54.766],[26.311,55.144],[26.768,55.3],[26.444,55.337],[26.595,55.666],[26.98,55.827],[27.592,55.795],[28.15,56.142],[28.809,55.935],[29.378,55.953],[29.461,55.686],[29.868,55.83],[30.887,55.6],[31.005,55.023],[30.771,54.786],[31.167,54.621],[31.326,54.229],[31.848,53.993],[31.743,53.795],[32.463,53.707],[32.719,53.439],[32.118,53.081],[31.38,53.182],[31.567,52.311],[31.765,52.1],[30.959,52.075],[30.57,51.7],[30.541,51.235],[30.149,51.484],[29.32,51.365],[29.122,51.625],[28.748,51.414],[28.212,51.652],[27.254,51.595],[25.767,51.928],[24.392,51.88],[23.607,51.517]]]}},{"type":"Feature","properties":{"name":"Belgium"},"geometry":{"type":"Polygon","coordinates":[[[2.522,51.087],[3.35,51.376],[3.393,51.247],[3.807,51.205],[4.221,51.369],[4.261,51.369],[4.732,51.485],[5.027,51.477],[5.215,51.259],[5.47,51.288],[5.83,51.156],[5.69,50.761],[5.996,50.751],[6.338,50.481],[6.363,50.307],[6.118,50.121],[6.086,50.16],[5.999,50.175],[5.873,50.097],[5.801,50.003],[5.812,49.977],[5.715,49.881],[5.737,49.788],[5.805,49.722],[5.852,49.714],[5.881,49.658],[5.848,49.577],[5.791,49.538],[5.477,49.494],[4.948,49.797],[4.783,49.959],[4.873,50.139],[4.466,49.935],[4.138,49.974],[4.203,50.253],[4.023,50.339],[3.663,50.318],[3.645,50.445],[3.271,50.526],[3.105,50.785],[2.885,50.697],[2.619,50.817],[2.522,51.087]]]}},{"type":"Feature","properties":{"name":"Belize"},"geometry":{"type":"Polygon","coordinates":[[[-89.16,17.815],[-89.153,17.942],[-89.049,17.999],[-88.879,17.888],[-88.735,18.051],[-88.491,18.484],[-88.303,18.482],[-88.383,18.386],[-88.091,18.372],[-88.091,18.119],[-88.21,17.883],[-88.289,17.604],[-88.217,17.528],[-88.3,17.178],[-88.217,16.956],[-88.282,16.891],[-88.311,16.641],[-88.447,16.395],[-88.573,16.26],[-88.739,16.229],[-88.93,15.959],[-88.915,15.893],[-89.229,15.882],[-89.149,17.037],[-89.16,17.815]]]}},{"type":"Feature","properties":{"name":"Benin"},"geometry":{"type":"Polygon","coordinates":[[[3.595,11.696],[3.483,11.392],[3.832,10.684],[3.512,9.847],[3.134,9.457],[3.076,9.095],[2.77,9.056],[2.669,7.898],[2.781,7.042],[2.705,6.368],[1.618,6.215],[1.784,6.277],[1.568,6.679],[1.625,6.996],[1.6,9.05],[1.424,9.284],[1.33,9.997],[0.769,10.367],[0.902,10.993],[1.438,11.474],[1.982,11.414],[2.389,11.897],[2.36,12.219],[2.846,12.4],[3.595,11.696]]]}},{"type":"Feature","properties":{"name":"Bermuda","tiny":true},"geometry":{"type":"Polygon","coordinates":[[[-64.505,32.523],[-64.424,32.465],[-64.444,32.41],[-64.476,32.437],[-64.548,32.451],[-64.6,32.416],[-64.589,32.393],[-64.505,32.367],[-64.569,32.344],[-64.693,32.266],[-64.817,32.173],[-64.964,32.113],[-65.037,32.119],[-65.089,32.142],[-65.109,32.217],[-65.089,32.205],[-65.089,32.28],[-65.057,32.289],[-65.025,32.26],[-65.057,32.24],[-65.069,32.197],[-65.025,32.133],[-64.953,32.147],[-64.808,32.231],[-64.881,32.246],[-64.892,32.289],[-64.808,32.275],[-64.725,32.304],[-64.693,32.332],[-64.632,32.332],[-64.589,32.373],[-64.609,32.387],[-64.693,32.347],[-64.684,32.393],[-64.569,32.48],[-64.505,32.523]]]}},{"type":"Feature","properties":{"name":"Bhutan"},"geometry":{"type":"Polygon","coordinates":[[[91.634,27.759],[91.594,27.546],[91.749,27.416],[91.976,27.472],[92.084,27.305],[91.986,27.104],[92.084,26.937],[91.702,26.803],[91.461,26.869],[91.331,26.785],[90.59,26.78],[90.384,26.891],[90.129,26.751],[89.754,26.7],[89.34,26.854],[89.185,26.81],[88.851,26.945],[88.728,27.151],[88.894,27.315],[88.977,27.531],[89.56,28.134],[89.862,28.296],[90.226,28.359],[90.59,28.234],[90.474,28.073],[90.683,28.087],[91.094,27.972],[91.292,28.092],[91.652,27.916],[91.634,27.759]]]}},{"type":"Feature","properties":{"name":"Bolivia"},"geometry":{"type":"Polygon","coordinates":[[[-69.511,-17.507],[-69.666,-17.289],[-68.845,-16.303],[-69.22,-16.152],[-69.425,-15.656],[-69.148,-15.234],[-69.385,-14.982],[-68.863,-14.192],[-69.101,-13.667],[-68.982,-12.868],[-68.683,-12.502],[-69.576,-10.952],[-68.273,-10.96],[-67.722,-10.705],[-66.631,-9.905],[-65.45,-9.682],[-65.285,-10.207],[-65.45,-10.469],[-65.396,-11.154],[-65.015,-11.968],[-64.396,-12.458],[-63.658,-12.475],[-63.074,-12.652],[-62.772,-13.01],[-62.113,-13.15],[-61.847,-13.53],[-61.048,-13.464],[-60.472,-13.798],[-60.274,-15.095],[-60.583,-15.099],[-60.238,-15.502],[-60.18,-16.222],[-58.466,-16.331],[-58.38,-17.267],[-57.79,-17.556],[-57.552,-18.184],[-57.79,-19.058],[-58.124,-19.73],[-57.858,-19.98],[-58.16,-20.164],[-58.175,-19.822],[-59.089,-19.286],[-60.007,-19.298],[-61.76,-19.658],[-62.279,-20.58],[-62.275,-21.066],[-62.65,-22.235],[-62.804,-22.003],[-63.949,-22.008],[-64.295,-22.763],[-64.586,-22.213],[-65.746,-22.115],[-66.239,-21.792],[-67.193,-22.822],[-67.877,-22.834],[-68.208,-21.284],[-68.766,-20.421],[-68.496,-19.459],[-68.989,-18.947],[-69.043,-18.457],[-69.511,-17.507]]]}},{"type":"Feature","properties":{"name":"Bosnia and Herzegovina"},"geometry":{"type":"Polygon","coordinates":[[[17.653,42.89],[17.581,42.943],[17.286,43.438],[17.084,43.514],[16.216,44.208],[16.036,44.616],[15.716,44.787],[15.781,45.168],[16.008,45.219],[16.213,45.032],[16.587,45.221],[16.947,45.236],[17.836,45.064],[18.24,45.158],[18.69,45.081],[19.017,44.866],[19.37,44.886],[19.129,44.518],[19.14,44.309],[19.618,44.035],[19.23,43.958],[19.482,43.561],[19.194,43.532],[18.906,43.49],[19.071,43.309],[18.898,43.351],[18.679,43.25],[18.639,43.02],[18.452,42.993],[18.466,42.769],[18.538,42.619],[18.438,42.559],[17.653,42.89]]]}},{"type":"Feature","properties":{"name":"Botswana"},"geometry":{"type":"Polygon","coordinates":[[[25.26,-17.794],[25.764,-18.63],[26.156,-19.538],[27.214,-20.11],[27.304,-20.477],[27.697,-20.509],[27.675,-21.09],[28.003,-21.564],[29.04,-21.797],[29.349,-22.187],[28.165,-22.709],[27.754,-23.221],[27.006,-23.646],[26.851,-24.247],[26.404,-24.632],[25.868,-24.749],[25.587,-25.62],[24.799,-25.83],[23.924,-25.629],[23.445,-25.277],[23.006,-25.311],[22.711,-25.997],[21.688,-26.855],[20.691,-26.892],[20.623,-26.427],[20.842,-26.132],[20.364,-25.033],[19.982,-24.752],[19.978,-22],[20.972,-22],[20.976,-18.319],[23.312,-18.01],[23.578,-18.467],[24.219,-18.013],[25.26,-17.794]]]}},{"type":"Feature","properties":{"name":"Brazil"},"geometry":{"type":"MultiPolygon","coordinates":[[[[-57.613,-30.183],[-56.414,-29.051],[-55.774,-28.232],[-54.899,-27.623],[-53.84,-27.164],[-53.66,-26.26],[-53.909,-25.629],[-54.6,-25.575],[-54.244,-24.05],[-54.64,-23.805],[-55.399,-23.977],[-55.874,-22.317],[-56.422,-22.074],[-56.666,-22.26],[-57.844,-22.143],[-57.851,-21.037],[-58.16,-20.164],[-57.858,-19.98],[-58.124,-19.73],[-57.79,-19.058],[-57.552,-18.184],[-57.79,-17.556],[-58.38,-17.267],[-58.466,-16.331],[-60.18,-16.222],[-60.238,-15.502],[-60.583,-15.099],[-60.274,-15.095],[-60.472,-13.798],[-61.048,-13.464],[-61.847,-13.53],[-62.113,-13.15],[-62.772,-13.01],[-63.074,-12.652],[-63.658,-12.475],[-64.396,-12.458],[-65.015,-11.968],[-65.396,-11.154],[-65.45,-10.469],[-65.285,-10.207],[-65.45,-9.682],[-66.631,-9.905],[-67.722,-10.705],[-68.273,-10.96],[-69.576,-10.952],[-70.642,-11.011],[-70.638,-9.852],[-70.527,-9.43],[-71.196,-9.94],[-72.197,-10.006],[-72.312,-9.533],[-73.216,-9.408],[-72.96,-9.086],[-73.54,-8.36],[-73.713,-7.789],[-74.019,-7.544],[-73.713,-7.304],[-73.767,-6.904],[-73.126,-6.391],[-73.234,-6.078],[-72.917,-5.133],[-71.891,-4.513],[-70.969,-4.385],[-70.775,-4.155],[-69.965,-4.236],[-69.4,-1.183],[-69.619,-0.525],[-70.069,-0.16],[-70.055,0.588],[-69.144,0.637],[-69.371,1.063],[-69.853,1.059],[-69.857,1.708],[-68.165,1.721],[-67.366,2.115],[-66.876,1.223],[-66.347,0.759],[-65.746,0.975],[-65.562,0.656],[-65.137,1.127],[-64.093,1.623],[-63.996,1.958],[-63.413,2.15],[-63.384,2.42],[-64.032,2.463],[-64.201,3.596],[-64.644,3.974],[-63.287,3.921],[-62.797,3.597],[-62.743,4.035],[-61.566,4.249],[-60.612,4.901],[-60.742,5.201],[-59.982,5.087],[-60.122,4.502],[-59.687,4.381],[-59.528,3.95],[-59.838,3.609],[-60,2.694],[-59.759,1.861],[-59.258,1.387],[-58.52,1.267],[-58.319,1.601],[-57.53,1.731],[-57.106,2.022],[-56.483,1.942],[-56.018,1.833],[-55.925,2.062],[-56.148,2.256],[-55.946,2.528],[-55.723,2.397],[-54.978,2.608],[-54.614,2.326],[-54.11,2.115],[-53.747,2.365],[-52.958,2.175],[-52.591,2.505],[-52.35,3.065],[-51.684,4.04],[-51.515,4.442],[-51.223,4.165],[-51.176,3.648],[-50.492,1.833],[-49.909,1.664],[-49.887,1.174],[-50.791,0.169],[-51.252,-0.128],[-52.249,-1.703],[-50.957,-1.129],[-50.662,-1.803],[-49.232,-1.948],[-48.642,-1.386],[-48.501,-1.612],[-48.037,-0.661],[-47.583,-0.579],[-46.809,-0.717],[-46.323,-1.107],[-45.063,-1.43],[-44.513,-1.904],[-44.394,-2.402],[-44.016,-2.635],[-43.31,-2.347],[-42.241,-2.835],[-41.82,-2.733],[-41.337,-2.922],[-40.499,-2.786],[-39.987,-2.848],[-38.479,-3.697],[-38.108,-4.158],[-37.183,-4.912],[-36.56,-5.123],[-35.509,-5.145],[-35.261,-5.484],[-34.796,-7.159],[-34.811,-7.905],[-35.304,-9.194],[-36.409,-10.502],[-36.902,-10.773],[-38.051,-12.642],[-38.511,-13.022],[-38.699,-12.571],[-39.041,-13.366],[-38.958,-14.065],[-39.066,-14.655],[-38.861,-15.853],[-39.21,-17.162],[-39.149,-17.711],[-39.725,-18.518],[-39.71,-19.416],[-40.261,-20.321],[-40.758,-20.864],[-41.071,-21.524],[-40.967,-21.948],[-41.967,-22.535],[-42.057,-22.954],[-44.117,-23.023],[-44.7,-23.108],[-45.434,-23.653],[-46.385,-23.874],[-46.406,-24.009],[-47.634,-24.756],[-48.433,-25.622],[-48.797,-26.304],[-48.642,-26.385],[-48.566,-27.861],[-48.815,-28.611],[-49.344,-28.923],[-49.812,-29.443],[-50.316,-30.461],[-51.151,-31.481],[-51.155,-31.068],[-50.73,-30.792],[-50.698,-30.35],[-51.238,-30.183],[-51.443,-31.081],[-51.929,-31.311],[-52.202,-31.728],[-52.253,-32.282],[-52.62,-33.102],[-53.38,-33.741],[-53.538,-33.172],[-53.113,-32.741],[-54.604,-31.459],[-55.244,-31.245],[-55.612,-30.843],[-56.011,-31.083],[-56.011,-30.797],[-56.832,-30.102],[-57.214,-30.287],[-57.613,-30.183]]],[[[-48.462,-0.577],[-48.84,-1.443],[-49.808,-1.82],[-50.608,-1.764],[-50.813,-1.35],[-50.654,-0.265],[-50.37,-0.106],[-49.653,-0.241],[-49.207,-0.14],[-48.393,-0.271],[-48.462,-0.516],[-48.462,-0.577]]],[[[-51.187,-0.614],[-51.284,-1.031],[-51.785,-1.45],[-51.562,-0.665],[-51.202,-0.604],[-51.187,-0.614]]]]}},{"type":"Feature","properties":{"name":"British Indian Ocean Territory","tiny":true},"geometry":{"type":"Polygon","coordinates":[[[72.61,-7.489],[72.668,-7.409],[72.685,-7.48],[72.639,-7.556],[72.476,-7.693],[72.443,-7.572],[72.476,-7.33],[72.443,-7.234],[72.251,-7.125],[72.159,-7.008],[72.205,-7.013],[72.414,-7.155],[72.476,-7.205],[72.489,-7.305],[72.476,-7.664],[72.506,-7.622],[72.61,-7.489]]]}},{"type":"Feature","properties":{"name":"British Virgin Islands","tiny":true},"geometry":{"type":"Polygon","coordinates":[[[-64.693,18.377],[-64.717,18.335],[-64.767,18.292],[-64.957,18.306],[-64.922,18.349],[-64.859,18.352],[-64.795,18.444],[-64.781,18.497],[-64.703,18.539],[-64.654,18.522],[-64.576,18.539],[-64.541,18.525],[-64.424,18.543],[-64.311,18.532],[-64.272,18.497],[-64.287,18.479],[-64.375,18.497],[-64.424,18.472],[-64.438,18.448],[-64.502,18.412],[-64.576,18.437],[-64.668,18.37],[-64.693,18.377]]]}},{"type":"Feature","properties":{"name":"Brunei"},"geometry":{"type":"Polygon","coordinates":[[[114.983,4.889],[114.742,4.73],[114.782,4.497],[114.847,4.423],[114.767,4.133],[114.674,4.045],[114.587,4.021],[114.476,4.144],[114.433,4.247],[114.281,4.264],[114.296,4.317],[114.245,4.482],[114.001,4.602],[114.253,4.593],[114.53,4.693],[114.724,4.875],[114.929,5],[115.059,5.054],[114.983,4.889]]]}},{"type":"Feature","properties":{"name":"Bulgaria"},"geometry":{"type":"Polygon","coordinates":[[[26.332,41.713],[26.048,41.69],[26.12,41.357],[25.285,41.239],[24.511,41.562],[23.611,41.371],[22.916,41.335],[22.93,41.599],[23.01,41.74],[22.844,42.014],[22.509,42.144],[22.344,42.313],[22.506,42.87],[22.956,43.108],[22.531,43.465],[22.351,43.807],[22.693,44.228],[23.031,44.093],[22.92,43.834],[23.326,43.887],[24.158,43.753],[24.5,43.799],[25.36,43.654],[25.782,43.731],[26.116,43.998],[27.027,44.177],[27.384,44.015],[28.579,43.741],[28.474,43.367],[28.118,43.392],[27.891,42.71],[27.628,42.458],[28.017,41.972],[27.549,41.925],[27.304,42.078],[26.624,41.968],[26.332,41.713]]]}},{"type":"Feature","properties":{"name":"Burkina Faso"},"geometry":{"type":"Polygon","coordinates":[[[2.389,11.897],[1.982,11.414],[1.438,11.474],[0.902,10.993],[0.488,11.003],[-0.167,11.135],[-0.704,10.995],[-2.839,10.998],[-2.687,9.489],[-3.202,9.907],[-3.663,9.95],[-4.682,9.683],[-5.218,10.319],[-5.524,10.426],[-5.506,11.047],[-5.225,11.414],[-5.168,11.944],[-4.559,12.15],[-4.243,12.731],[-4.351,13.119],[-3.976,13.46],[-3.598,13.2],[-3.249,13.293],[-3.267,13.717],[-2.896,13.651],[-2.842,14.043],[-2.461,14.281],[-2.025,14.198],[-0.754,15.069],[0.218,14.911],[0.153,14.546],[0.621,13.68],[0.952,13.583],[0.97,13.067],[1.535,12.648],[2.108,12.705],[2.05,12.342],[2.389,11.897]]]}},{"type":"Feature","properties":{"name":"Burundi"},"geometry":{"type":"Polygon","coordinates":[[[30.555,-2.401],[30.422,-2.681],[30.523,-2.649],[30.415,-2.851],[30.494,-2.941],[30.825,-2.978],[30.8,-3.275],[30.469,-3.513],[30.177,-4.04],[30.005,-4.272],[29.734,-4.464],[29.403,-4.451],[29.338,-4.093],[29.223,-3.927],[29.205,-3.334],[29.234,-3.047],[28.986,-2.797],[29.014,-2.721],[29.13,-2.596],[29.306,-2.661],[29.338,-2.826],[29.824,-2.764],[29.904,-2.649],[29.932,-2.316],[30.138,-2.431],[30.206,-2.34],[30.419,-2.311],[30.555,-2.401]]]}},{"type":"Feature","properties":{"name":"Cabo Verde","tiny":true},"geometry":{"type":"Polygon","coordinates":[[[-23.358,14.966],[-23.336,14.943],[-23.423,14.797],[-23.492,14.778],[-23.63,14.794],[-23.712,14.824],[-23.799,14.903],[-23.799,14.958],[-23.868,14.987],[-23.897,15.077],[-23.868,15.131],[-23.891,15.207],[-23.862,15.223],[-23.833,15.302],[-23.85,15.361],[-23.891,15.397],[-23.833,15.463],[-23.781,15.446],[-23.746,15.403],[-23.746,15.353],[-23.666,15.308],[-23.567,15.188],[-23.514,15.175],[-23.445,15.109],[-23.365,14.977],[-23.358,14.966]]]}},{"type":"Feature","properties":{"name":"Cambodia"},"geometry":{"type":"Polygon","coordinates":[[[107.52,14.705],[107.319,14.12],[107.596,13.535],[107.459,13.021],[107.513,12.344],[106.703,11.971],[106.433,11.679],[106.016,11.77],[105.789,11.588],[106.178,10.767],[105.753,11.015],[104.45,10.419],[103.874,10.661],[103.625,10.5],[103.676,11.064],[103.096,10.934],[102.912,11.647],[102.7,12.138],[102.765,12.417],[102.477,12.719],[102.333,13.565],[102.7,13.762],[102.934,14.201],[103.647,14.445],[103.902,14.342],[104.77,14.44],[105.184,14.345],[105.9,13.923],[106.145,14.073],[105.972,14.365],[106.545,14.512],[106.836,14.308],[107.52,14.705]]]}},{"type":"Feature","properties":{"name":"Cameroon"},"geometry":{"type":"Polygon","coordinates":[[[11.32,2.165],[9.992,2.165],[9.823,2.25],[9.801,2.341],[9.902,3.273],[9.545,3.82],[8.969,4.1],[8.595,4.815],[8.901,5.571],[8.843,5.831],[10.118,6.995],[10.604,7.059],[11.346,6.442],[12.199,7.976],[12.228,8.386],[12.807,8.832],[12.854,9.379],[13.196,9.543],[13.246,10.08],[13.981,11.277],[14.593,11.496],[14.668,12.167],[14.179,12.386],[14.064,13.079],[14.42,13.082],[14.82,12.64],[15.136,11.53],[15.064,10.794],[15.68,9.992],[14.197,9.978],[13.945,9.652],[14.348,9.168],[15.054,8.644],[15.561,7.792],[15.482,7.523],[14.719,6.258],[14.388,6.039],[14.632,5.738],[14.524,5.279],[14.704,4.669],[14.982,4.421],[15.172,3.759],[16.094,2.863],[16.198,2.236],[16.159,1.735],[14.636,2.138],[13.293,2.16],[13.286,2.243],[11.353,2.3],[11.32,2.165]]]}},{"type":"Feature","properties":{"name":"Canada"},"geometry":{"type":"MultiPolygon","coordinates":[[[[-74.713,44.999],[-75.271,44.864],[-76.456,44.084],[-76.841,43.625],[-78.688,43.632],[-79.174,43.465],[-79.019,42.803],[-80.247,42.365],[-81.276,42.208],[-82.425,41.676],[-83.069,41.849],[-83.13,42.24],[-82.525,42.62],[-82.144,43.601],[-82.533,45.293],[-83.965,46.063],[-84.109,46.526],[-84.588,46.475],[-84.88,46.897],[-88.347,48.299],[-89.34,47.985],[-90.924,48.226],[-91.576,48.049],[-92.044,48.334],[-92.386,48.233],[-92.649,48.537],[-93.758,48.517],[-94.712,48.807],[-94.827,49.294],[-95.162,49.369],[-95.176,48.993],[-122.752,48.993],[-123.037,48.993],[-123.091,48.993],[-123.292,49.369],[-123.965,49.521],[-124.009,49.82],[-124.732,49.954],[-124.603,50.241],[-125.355,50.543],[-126.241,50.501],[-126.183,50.867],[-127.022,50.822],[-127.789,51.234],[-127.85,51.921],[-127.148,52.319],[-127.861,52.216],[-128.109,52.892],[-128.444,52.828],[-128.883,53.326],[-128.62,54.032],[-129.337,53.397],[-130.46,54.349],[-129.959,55.273],[-130.021,55.908],[-130.838,56.372],[-132.109,56.858],[-132.033,57.029],[-133.394,58.403],[-135.097,59.418],[-135.482,59.793],[-136.35,59.592],[-136.465,59.288],[-137.487,58.9],[-137.61,59.239],[-139.183,60.073],[-139.1,60.347],[-140.014,60.188],[-141.001,60.322],[-141.004,69.651],[-139.143,69.514],[-138.096,69.139],[-136.663,68.876],[-135.867,68.906],[-135.968,69.222],[-135.176,69.263],[-135.154,69.48],[-134.542,69.475],[-134.319,69.724],[-133.75,69.551],[-134.164,69.256],[-133.196,69.415],[-132.886,69.661],[-131.086,69.892],[-130.384,70.166],[-129.495,70.031],[-131.047,69.644],[-132.012,69.528],[-132.771,69.256],[-133.387,68.846],[-132.678,68.849],[-132.872,69.058],[-131.475,69.344],[-131.108,69.619],[-130.957,69.263],[-130.338,69.702],[-129.124,69.855],[-128.995,69.68],[-128.311,69.963],[-128.001,70.593],[-127.137,70.252],[-126.647,69.73],[-125.423,69.318],[-125.369,69.695],[-124.408,70.156],[-124.48,69.72],[-124.073,69.729],[-124.437,69.369],[-123.177,69.496],[-122.95,69.838],[-121.427,69.768],[-120.279,69.408],[-118.666,69.225],[-118.04,69.025],[-115.97,68.81],[-115.941,69.003],[-115.034,68.876],[-113.907,68.4],[-114.015,68.253],[-114.969,68.283],[-115.545,67.924],[-113.86,67.696],[-112.42,67.682],[-111.038,67.767],[-110.08,68.01],[-109.716,67.719],[-109.076,67.723],[-108.802,67.361],[-108.6,67.625],[-107.992,67.282],[-108.136,66.86],[-107.564,66.595],[-107.758,67.008],[-107.585,67.501],[-108.006,67.709],[-107.751,67.994],[-106.757,68.104],[-105.648,68.64],[-106.523,68.526],[-107.614,68.167],[-108.816,68.275],[-108.28,68.621],[-106.271,68.906],[-105.81,68.886],[-105.324,68.354],[-104.601,68.236],[-104.486,68.033],[-103.542,68.072],[-102.308,67.723],[-101.53,67.68],[-100.716,67.848],[-98.355,67.804],[-97.559,67.596],[-97.12,67.78],[-97.692,68.023],[-98.067,67.9],[-98.718,68.368],[-97.26,68.469],[-97.08,68.266],[-95.896,68.297],[-96.461,67.474],[-95.176,67.29],[-95.662,67.696],[-95.45,68.072],[-94.863,68.032],[-93.545,68.564],[-94.15,69.065],[-94.323,69.453],[-96.206,69.865],[-96.562,70.315],[-96.191,70.625],[-96.616,70.826],[-96.447,71.299],[-95.464,71.485],[-95.943,71.552],[-95.302,71.721],[-95.226,71.949],[-92.991,71.356],[-92.948,70.818],[-92.415,70.668],[-91.511,70.161],[-92.57,69.764],[-91.799,69.489],[-91.425,69.668],[-90.352,69.437],[-90.806,69.256],[-90.446,68.886],[-90.604,68.44],[-90.237,68.233],[-89.823,68.545],[-89.751,68.957],[-89.333,69.249],[-88.941,69.234],[-88.023,68.808],[-87.792,68.331],[-88.408,68.276],[-88.141,67.67],[-87.483,67.363],[-87.515,67.118],[-86.503,67.38],[-86.529,67.687],[-85.902,68.054],[-85.668,68.727],[-84.714,69.035],[-85.499,69.318],[-85.359,69.854],[-84.34,69.86],[-83.753,69.712],[-82.615,69.646],[-82.144,69.298],[-81.273,69.092],[-82.061,68.879],[-81.366,68.862],[-81.629,68.513],[-82.644,68.447],[-82.09,67.9],[-81.237,67.461],[-81.528,66.997],[-83.368,66.35],[-84.408,66.936],[-83.685,66.213],[-84.538,66.406],[-84.383,66.189],[-85.269,66.287],[-85.416,66.568],[-86.791,66.429],[-85.855,66.162],[-86.557,65.669],[-87.382,65.33],[-87.929,65.333],[-89.704,65.946],[-91.072,65.928],[-89.736,65.728],[-89.041,65.328],[-87.047,65.239],[-87.112,65.001],[-87.983,64.192],[-89.049,63.947],[-89.97,64.168],[-89.819,63.972],[-90.258,63.608],[-90.91,63.569],[-93.765,63.994],[-92.102,63.699],[-90.708,63.364],[-90.644,63.069],[-91.443,62.787],[-92.454,62.794],[-91.961,62.534],[-92.62,62.623],[-92.782,62.24],[-93.416,62.027],[-93.25,61.787],[-93.984,61.458],[-94.823,59.948],[-94.683,59.357],[-94.809,59.018],[-94.179,58.78],[-93.156,58.744],[-92.422,57.355],[-92.706,56.955],[-91.032,57.265],[-89.963,57.004],[-88.879,56.86],[-87.979,56.443],[-87.591,56.065],[-85.906,55.663],[-84.613,55.246],[-83.929,55.327],[-82.32,55.072],[-82.201,54.834],[-82.432,54.228],[-82.126,53.812],[-82.302,52.968],[-81.564,52.456],[-81.791,52.264],[-80.977,52.002],[-80.43,51.357],[-79.746,51.124],[-79.325,51.668],[-78.915,51.218],[-79.019,51.764],[-78.501,52.357],[-78.983,53.029],[-79.048,54.18],[-79.383,54.194],[-79.595,54.726],[-77.781,55.273],[-76.657,56.073],[-76.503,56.784],[-76.589,57.272],[-77.079,57.961],[-78.547,58.609],[-78.558,58.945],[-77.676,59.403],[-77.799,59.683],[-77.237,60.004],[-77.741,60.426],[-77.608,60.759],[-78.198,60.793],[-77.547,61.485],[-78.087,61.889],[-78.155,62.297],[-77.471,62.594],[-74.771,62.157],[-73.669,62.481],[-72.622,62.101],[-71.373,61.149],[-70.109,61.06],[-69.94,60.84],[-69.536,61.08],[-69.382,60.799],[-69.828,60.526],[-69.45,58.895],[-68.356,58.771],[-67.754,58.474],[-67.661,58.116],[-66.109,58.78],[-65.371,59.28],[-65.548,59.731],[-65.141,59.871],[-64.849,60.366],[-64.381,60.246],[-64.248,59.742],[-63.726,59.52],[-64.064,59.396],[-62.927,58.824],[-63.01,58.429],[-62.621,58.506],[-62.66,58.175],[-61.89,57.625],[-62.387,57.431],[-61.364,57.107],[-61.894,56.806],[-61.372,56.228],[-61.404,55.96],[-60.331,55.761],[-60.202,55.421],[-60.515,55.119],[-59.777,55.332],[-59.798,55.112],[-59.05,55.16],[-58.92,54.856],[-57.847,54.739],[-57.354,54.567],[-59.474,53.827],[-60.065,53.761],[-60.05,53.498],[-59.021,53.714],[-58.841,53.947],[-57.466,54.201],[-57.124,53.741],[-55.979,53.55],[-55.748,53.145],[-55.684,52.112],[-56.965,51.424],[-57.685,51.48],[-58.452,51.316],[-60.14,50.215],[-60.835,50.256],[-61.696,50.102],[-62.326,50.29],[-65.26,50.322],[-66.412,50.264],[-67.132,49.83],[-67.402,49.329],[-68.053,49.295],[-69.068,48.757],[-69.918,47.792],[-70.714,47.117],[-71.355,46.739],[-71.88,46.691],[-72.996,46.21],[-73.961,45.354],[-74.713,44.999]]],[[[-72.949,66.735],[-72.802,67.042],[-72.193,67.275],[-72.996,68.236],[-73.947,68.413],[-75.462,69.023],[-76.625,68.682],[-76.639,69.016],[-75.991,69.011],[-75.689,69.286],[-77.205,69.646],[-76.888,69.801],[-77.683,69.825],[-77.683,70.183],[-78.331,70.201],[-78.745,70.456],[-79.588,70.428],[-78.767,70.191],[-78.699,69.931],[-79.681,69.849],[-79.905,69.984],[-81.755,70.131],[-81.193,70.001],[-80.931,69.715],[-81.6,69.977],[-82.137,69.786],[-83.267,70.016],[-83.674,69.946],[-86.269,70.114],[-87.033,70.468],[-87.004,70.283],[-88.692,70.465],[-89.556,71.093],[-88.325,70.958],[-87.281,71.009],[-88.066,71.213],[-89.812,71.329],[-90.104,71.917],[-89.754,72.611],[-89.052,73.251],[-87.763,73.717],[-86.716,73.847],[-85.107,73.812],[-84.952,73.668],[-86.032,73.302],[-86.694,72.826],[-86.255,72.395],[-86.46,72.204],[-86.129,71.794],[-84.858,71.275],[-85.974,71.176],[-84.851,71.15],[-84.646,71.676],[-85.258,71.669],[-86.021,71.985],[-85.477,72.267],[-84.509,72.118],[-85.708,72.638],[-85.193,73.231],[-82.831,73.737],[-81.528,73.715],[-81.132,73.248],[-80.643,73.17],[-80.247,72.738],[-80.97,72.204],[-80.398,72.05],[-79.818,72.506],[-79.595,72.341],[-77.784,72.245],[-78.533,72.425],[-78.429,72.594],[-77.601,72.756],[-75.199,72.498],[-75.246,72.128],[-74.242,72.079],[-74.263,71.819],[-75.311,71.546],[-73.72,71.779],[-74.015,71.49],[-73.05,71.27],[-72.586,71.655],[-71.419,71.456],[-71.117,71.27],[-71.445,71.073],[-72.046,71.085],[-72.337,70.757],[-71.322,70.887],[-70.786,71.115],[-70.516,70.938],[-70.984,70.634],[-69.914,70.88],[-68.363,70.585],[-68.46,70.374],[-69.684,70.139],[-68.644,70.147],[-69.479,69.818],[-68.705,69.935],[-68.053,70.325],[-67.225,69.948],[-67.114,69.729],[-68.014,69.776],[-68.726,69.646],[-68.006,69.462],[-67.229,69.464],[-66.667,69.185],[-68.532,69.21],[-67.736,69.04],[-67.772,68.785],[-68.406,68.601],[-66.894,68.422],[-66.678,68.133],[-65.958,67.817],[-65.026,68.057],[-64.043,67.537],[-63.924,67.295],[-64.788,67.221],[-62.977,67.221],[-63.348,66.89],[-62.005,67.037],[-61.3,66.677],[-61.462,66.372],[-62.498,66.409],[-62.038,66.098],[-62.293,65.823],[-62.848,65.769],[-63.654,65.467],[-63.323,65.222],[-63.524,64.903],[-63.874,65.175],[-64.558,65.094],[-65.454,65.679],[-65.393,65.982],[-65.9,65.953],[-66.746,66.573],[-67.754,66.255],[-67.171,65.933],[-67.808,65.879],[-68.525,66.206],[-68.204,65.796],[-67.272,65.646],[-66.707,64.769],[-66.682,65.045],[-65.584,64.757],[-65.692,64.487],[-65.08,64.479],[-65.195,64.021],[-64.694,64.047],[-64.486,63.288],[-65.098,63.55],[-64.626,62.912],[-65.148,62.981],[-64.99,62.726],[-66.628,63.052],[-67.924,63.768],[-67.672,63.395],[-68.496,63.741],[-68.989,63.741],[-68.147,63.16],[-67.61,63.098],[-66.358,62.451],[-65.972,61.887],[-67.337,62.14],[-68.554,62.25],[-69.59,62.667],[-71.401,63.055],[-71.761,63.233],[-71.279,63.565],[-72.665,63.856],[-73.673,64.656],[-74.051,64.725],[-74.681,64.378],[-75.793,64.617],[-76.69,64.192],[-78.144,64.557],[-78.144,64.957],[-77.313,65.2],[-77.435,65.46],[-75.214,65.254],[-74.188,65.522],[-73.475,65.46],[-73.716,65.774],[-74.472,66.149],[-73.011,66.726],[-72.949,66.735]]],[[[-61.087,82.331],[-61.314,82.197],[-64.374,81.724],[-65.375,81.763],[-65.857,81.628],[-67.268,81.571],[-66.653,81.5],[-70.069,81.162],[-65.735,81.493],[-64.547,81.55],[-64.691,81.39],[-65.99,81.228],[-68.28,80.76],[-69.958,80.262],[-72.168,80.056],[-70.649,80.142],[-71.142,79.789],[-72.233,79.663],[-73.385,79.776],[-73.173,79.539],[-74.029,79.45],[-75.066,79.494],[-75.027,79.374],[-76.197,79.494],[-75.916,79.347],[-77.403,79.453],[-77.327,79.267],[-74.469,79.227],[-74.494,79.036],[-75.894,79.104],[-76.089,79.205],[-78.058,79.18],[-76.132,79.124],[-77.914,79.056],[-75.779,78.982],[-76.441,78.871],[-74.775,78.835],[-74.803,78.589],[-76.499,78.548],[-75.109,78.376],[-75.581,78.112],[-76.881,77.905],[-78.184,77.966],[-77.737,77.601],[-78.288,77.378],[-79.134,77.292],[-81.103,77.287],[-79.033,77.157],[-79.375,76.925],[-77.914,76.966],[-77.77,76.664],[-78.501,76.459],[-78.774,76.578],[-79.347,76.297],[-80.668,76.164],[-80.772,76.42],[-81.935,76.495],[-82.281,76.4],[-84.941,76.422],[-85.204,76.284],[-87.4,76.456],[-88.404,76.393],[-88.509,76.824],[-88.912,76.41],[-89.682,76.574],[-89.538,76.856],[-88.293,77.136],[-87.616,77.101],[-86.914,77.266],[-87.681,77.353],[-88.181,77.802],[-87.191,77.905],[-86.215,77.793],[-85.783,77.505],[-84.617,77.383],[-83.357,77.528],[-82.515,77.96],[-82.767,78.028],[-83.422,77.608],[-84.761,77.52],[-85.661,77.95],[-85.063,78.063],[-84.959,78.351],[-85.488,78.118],[-87.486,78.128],[-87.529,78.411],[-86.611,78.81],[-85.222,78.92],[-83.746,78.839],[-82.245,78.604],[-83.209,78.85],[-82.122,78.916],[-84.279,78.955],[-84.329,79.193],[-85.02,79.617],[-86.449,79.754],[-86.503,80.309],[-83.789,80.25],[-82.173,79.869],[-81.651,79.595],[-80.621,79.603],[-81.503,79.715],[-81.651,79.912],[-83.206,80.318],[-78.018,80.596],[-79.966,80.612],[-78.533,80.78],[-76.589,80.902],[-78.846,80.858],[-78.886,81.012],[-77.626,81.321],[-78.191,81.306],[-79.347,81.002],[-79.613,80.828],[-81.219,80.628],[-82.914,80.539],[-82.835,80.684],[-83.775,80.742],[-84.397,80.51],[-86.748,80.605],[-85.798,80.946],[-86.111,80.993],[-87.277,80.632],[-89.387,80.878],[-88.861,80.981],[-86.698,81.005],[-84.732,81.284],[-86.521,81.125],[-89.826,81.013],[-90.352,81.174],[-89.387,81.252],[-89.923,81.343],[-88.404,81.586],[-90.42,81.368],[-90.834,81.464],[-89.585,81.633],[-90.683,81.677],[-91.472,81.53],[-91.486,81.772],[-89.765,81.922],[-89.351,81.819],[-88.681,82.059],[-87.997,82.106],[-84.754,81.991],[-86.727,82.138],[-86.849,82.221],[-85.351,82.29],[-85.762,82.467],[-83.674,82.349],[-82.583,82.094],[-82.968,82.298],[-80.02,81.967],[-82.713,82.381],[-82.068,82.675],[-80.599,82.558],[-81.586,82.8],[-79.894,82.764],[-80.157,82.94],[-77.14,82.867],[-77.388,82.989],[-76.135,83.053],[-74.199,83.003],[-73.828,82.866],[-72.971,83.073],[-69.688,83.116],[-69.616,82.991],[-68.172,82.999],[-66.361,82.895],[-68.618,82.631],[-67.441,82.658],[-64.698,82.91],[-62.84,82.518],[-61.58,82.489],[-61.105,82.361],[-61.087,82.331]]],[[[-100.871,69.808],[-101.674,69.646],[-102.03,69.847],[-102.837,69.388],[-102.056,69.484],[-101.771,69.193],[-101.966,68.969],[-103.352,68.79],[-104.918,69.048],[-106.412,69.188],[-106.512,69.489],[-107.333,69.026],[-108.539,68.947],[-109.029,68.727],[-110.98,68.548],[-113.065,68.489],[-113.655,68.8],[-113.583,69.202],[-114.397,69.288],[-115.973,69.3],[-117.237,69.756],[-117.194,70.092],[-115.639,70.249],[-114.184,70.316],[-112.586,70.2],[-111.524,70.271],[-112.172,70.504],[-114.184,70.668],[-116.038,70.58],[-117.586,70.607],[-118.385,71.022],[-116.103,71.377],[-115.822,71.549],[-117.55,71.373],[-118.31,71.47],[-118.076,71.665],[-119.051,71.627],[-119.055,71.936],[-118.126,72.228],[-118.594,72.429],[-117.37,72.918],[-114.584,73.384],[-113.957,73.14],[-114.022,72.799],[-114.605,72.608],[-113.734,72.614],[-113.014,73.016],[-111.221,72.724],[-111.855,72.381],[-111.664,72.292],[-110.678,72.579],[-109.788,72.505],[-110.703,73.01],[-110.077,72.996],[-108.633,72.565],[-108.287,71.799],[-107.726,71.635],[-107.25,71.902],[-107.78,72.142],[-107.787,72.464],[-108.298,73.135],[-108.089,73.354],[-107.171,73.195],[-107.006,73.307],[-105.832,73.013],[-105.483,72.787],[-105.04,72.115],[-104.28,71.35],[-104.648,71.12],[-103.971,70.75],[-102.851,70.516],[-101.53,70.114],[-100.979,70.161],[-100.889,69.871],[-100.871,69.808]]],[[[-74.713,44.999],[-73.558,45.415],[-73.14,46.058],[-71.866,46.666],[-70.534,47.011],[-69.324,48.03],[-68.204,48.642],[-66.62,49.123],[-65.566,49.266],[-64.554,49.098],[-64.169,48.762],[-64.331,48.419],[-65.458,48.01],[-65.954,48.196],[-66.516,48.108],[-65.771,47.884],[-65.63,47.671],[-64.828,47.816],[-64.867,47.485],[-65.368,47.088],[-64.824,47.09],[-64.558,46.224],[-62.47,45.614],[-61.912,45.889],[-60.997,45.334],[-63.632,44.441],[-64.306,44.565],[-64.334,44.299],[-65.342,43.546],[-65.666,43.5],[-66.21,44.086],[-65.998,44.579],[-64.349,45.32],[-64.306,45.148],[-63.359,45.361],[-64.903,45.43],[-64.482,45.727],[-65.89,45.214],[-66.66,45.084],[-67.175,45.178],[-67.448,45.611],[-67.808,45.712],[-67.805,47.036],[-68.298,47.369],[-68.906,47.19],[-69.252,47.453],[-70.008,46.705],[-70.282,45.891],[-70.649,45.427],[-71.394,45.241],[-71.506,45.013],[-74.713,44.999]]],[[[-79.559,74.992],[-80.16,74.624],[-81.787,74.458],[-82.921,74.551],[-83.127,74.832],[-83.494,74.578],[-84.257,74.507],[-86.604,74.472],[-88.519,74.501],[-88.527,74.899],[-88.847,74.664],[-89.949,74.533],[-92.019,74.778],[-92.505,75.218],[-92.044,75.581],[-92.116,75.862],[-93.128,76.37],[-93.844,76.27],[-95.392,76.24],[-94.841,76.339],[-95.824,76.399],[-96.774,76.986],[-95.77,77.077],[-93.7,76.92],[-93.081,76.628],[-91.443,76.694],[-90.449,76.412],[-89.297,76.301],[-89.38,76.184],[-91.245,76.164],[-90.19,76.068],[-89.196,75.796],[-88.969,75.438],[-88.581,75.659],[-88.213,75.473],[-87.112,75.595],[-86.395,75.431],[-84.577,75.623],[-83.735,75.826],[-83.091,75.74],[-82.331,75.843],[-81.114,75.779],[-79.649,75.47],[-79.627,75.181],[-80.445,75.039],[-79.548,74.997],[-79.559,74.992]]],[[[-96.623,80.044],[-94.845,80.046],[-94.089,80.179],[-95.403,80.127],[-96.569,80.276],[-95.95,80.392],[-96.026,80.585],[-94.521,80.605],[-94.074,80.708],[-95.5,80.807],[-94.863,81.064],[-94.449,80.968],[-93.156,81.098],[-94.168,81.223],[-94.19,81.366],[-93.257,81.373],[-91.828,81.162],[-90.73,80.566],[-89.326,80.537],[-89.041,80.194],[-88.469,80.439],[-87.702,80.412],[-86.961,79.909],[-87.342,79.509],[-86.309,79.647],[-85.564,79.58],[-84.919,79.296],[-86.503,79.068],[-87.673,78.646],[-88.217,78.953],[-88.228,78.464],[-88.998,78.17],[-90.006,78.614],[-89.455,78.165],[-90.374,78.288],[-90.352,78.145],[-92.004,78.212],[-94.272,78.969],[-93.434,79.156],[-91.882,79.163],[-92.606,79.45],[-93.93,79.259],[-93.84,79.399],[-95.237,79.288],[-96.566,80.053],[-96.623,80.044]]],[[[-115.325,73.509],[-119.163,72.63],[-119.339,72.346],[-120.153,72.152],[-120.635,71.492],[-123.101,71.085],[-124.066,71.701],[-125.254,71.956],[-125.791,71.949],[-125.067,72.885],[-124.444,73.42],[-123.775,73.766],[-124.145,73.85],[-124.757,74.349],[-121.582,74.556],[-120.157,74.279],[-119.123,74.202],[-118.065,74.281],[-116.866,74.087],[-115.333,73.525],[-115.325,73.509]]],[[[-52.627,47.527],[-52.94,46.791],[-53.624,46.656],[-53.574,47.163],[-54.193,46.908],[-53.808,47.424],[-54.168,47.872],[-55.252,46.919],[-55.95,46.904],[-55.486,47.141],[-55.133,47.583],[-55.918,47.458],[-56.058,47.699],[-56.85,47.532],[-58.07,47.698],[-59.111,47.561],[-59.402,47.909],[-58.42,48.493],[-58.715,48.567],[-57.322,50.687],[-56.666,51.35],[-55.824,51.624],[-55.41,51.58],[-55.745,51.07],[-56.728,50.042],[-56.821,49.57],[-56.148,50.156],[-55.464,49.945],[-56.069,49.699],[-55.954,49.5],[-54.816,49.275],[-54.445,49.543],[-53.455,49.243],[-53.898,48.981],[-53.905,48.567],[-52.98,48.591],[-53.639,48.169],[-53.848,47.706],[-53.552,47.539],[-53.275,48.017],[-52.904,48.095],[-53.196,47.438],[-52.8,47.789],[-52.645,47.529],[-52.627,47.527]]],[[[-105.396,75.674],[-106.008,75.056],[-108.417,74.918],[-108.824,75.071],[-109.583,74.859],[-112.438,74.413],[-113.695,74.445],[-114.44,74.683],[-112.798,74.985],[-111.776,74.985],[-110.923,75.244],[-112.345,75.122],[-113.957,75.075],[-114.047,75.367],[-114.44,75.068],[-115.66,74.972],[-117.673,75.245],[-116.884,75.789],[-114.875,75.867],[-116.708,75.899],[-116.708,76.051],[-115.779,76.238],[-115.513,76.456],[-114.206,76.471],[-113.965,76.191],[-112.993,76.274],[-111.459,75.841],[-111.275,75.527],[-110.512,75.573],[-108.903,75.495],[-109.101,75.75],[-110.055,75.897],[-109.31,76.103],[-110.383,76.301],[-109.493,76.723],[-108.777,76.865],[-108.59,76.41],[-108.082,76.287],[-108.5,76.041],[-107.65,75.973],[-108.046,75.808],[-107.045,75.889],[-106.606,76.061],[-105.76,75.99],[-105.404,75.694],[-105.396,75.674]]],[[[-80.182,63.768],[-80.999,63.451],[-82.551,63.743],[-82.356,63.898],[-83.685,64.015],[-83.649,63.765],[-84.405,63.555],[-84.592,63.315],[-85.272,63.123],[-85.636,63.243],[-85.618,63.675],[-87.177,63.586],[-86.896,63.93],[-86.194,64.104],[-86.421,64.597],[-86.158,64.94],[-85.938,65.764],[-85.488,65.924],[-85.315,65.541],[-84.847,65.213],[-84.577,65.489],[-84.07,65.2],[-81.773,64.513],[-81.607,64.134],[-80.887,64.123],[-80.171,63.775],[-80.182,63.768]]],[[[-96.321,72.468],[-96.558,71.839],[-98.042,71.53],[-98.729,71.272],[-99.237,71.35],[-99.863,71.86],[-100.637,72.187],[-101.84,72.326],[-102.614,72.662],[-102.556,73.003],[-101.948,73.094],[-101.296,72.719],[-100.45,72.738],[-100.036,72.937],[-101.584,73.457],[-100.551,73.601],[-101.004,73.803],[-100,73.95],[-99.219,73.739],[-97.732,73.91],[-97.16,73.835],[-97.149,73.395],[-98.348,73.043],[-97.257,72.962],[-97.07,72.614],[-96.537,72.751],[-96.324,72.486],[-96.321,72.468]]],[[[-119.318,76.199],[-119.861,75.86],[-120.477,75.829],[-120.88,76.199],[-121.283,75.921],[-121.849,76.046],[-122.731,75.978],[-122.979,76.108],[-122.381,76.409],[-121.553,76.437],[-121.089,76.67],[-118.821,77.361],[-117.853,77.39],[-116.405,77.562],[-115.394,77.309],[-116.247,77.196],[-115.75,76.934],[-116.359,76.907],[-115.894,76.699],[-117.075,76.527],[-117.352,76.26],[-118.007,76.402],[-117.763,76.757],[-118.497,76.719],[-119.095,76.088],[-119.303,76.187],[-119.318,76.199]]],[[[-123.321,48.496],[-123.551,48.312],[-124.664,48.572],[-125.47,48.917],[-126.053,49.445],[-126.575,49.425],[-126.651,49.898],[-127.141,49.866],[-128.321,50.611],[-128.077,50.871],[-127.198,50.621],[-125.456,50.329],[-124.772,49.461],[-123.955,49.229],[-123.335,48.508],[-123.321,48.496]]],[[[-90.291,73.923],[-91.857,72.847],[-92.386,72.711],[-94.157,72.771],[-93.466,72.464],[-94.344,72.025],[-95.144,71.966],[-95.198,72.523],[-95.669,72.802],[-95.727,73.641],[-94.841,73.692],[-95.295,73.992],[-93.668,74.173],[-92.271,73.992],[-91.572,74.033],[-90.334,73.93],[-90.291,73.923]]],[[[-105.605,79.104],[-105.155,79.3],[-103.722,79.364],[-102.909,79.24],[-102.419,79.014],[-101.649,79.082],[-99.528,78.584],[-99.87,78.438],[-99.046,78.082],[-99.017,77.895],[-99.939,77.783],[-100.608,77.864],[-101.037,78.199],[-102.743,78.381],[-104.464,78.275],[-105.044,78.496],[-104.64,78.584],[-103.496,78.506],[-103.499,78.788],[-104.223,78.788],[-104.079,78.985],[-105.598,79.099],[-105.605,79.104]]],[[[-97.426,75.52],[-98.164,75.335],[-97.57,75.149],[-98.034,75.026],[-100.331,75.014],[-100.72,75.438],[-99.824,75.656],[-101.451,75.608],[-102.632,75.499],[-102.88,75.618],[-101.832,75.905],[-101.274,75.745],[-102.102,76.221],[-101.811,76.459],[-99.82,75.951],[-100.479,76.233],[-100.022,76.307],[-100.986,76.507],[-99.64,76.637],[-99.14,76.454],[-98.906,76.625],[-97.664,76.486],[-97.574,75.884],[-97.898,75.737],[-97.426,75.529],[-97.426,75.52]]],[[[-95.216,68.862],[-96.519,68.447],[-99.183,68.832],[-99.593,69.041],[-98.409,69.308],[-98.607,69.443],[-97.973,69.896],[-96.069,69.236],[-95.846,68.891],[-95.219,68.866],[-95.216,68.862]]],[[[-80.902,73.607],[-80.862,73.751],[-79.451,73.636],[-78.137,73.668],[-77.212,73.511],[-76.243,73.094],[-76.319,72.817],[-78.169,72.898],[-79.174,72.755],[-79.948,72.847],[-80.164,73.234],[-80.772,73.28],[-80.884,73.594],[-80.902,73.607]]],[[[-96.911,77.795],[-98.373,78.457],[-98.15,78.818],[-96.166,78.624],[-94.827,78.364],[-95.37,78.248],[-95.061,77.972],[-96.742,77.871],[-96.861,77.788],[-96.911,77.795]]],[[[-93.437,74.945],[-93.606,74.654],[-94.726,74.632],[-95.306,74.806],[-96.616,74.992],[-95.792,75.5],[-94.395,75.605],[-93.498,75.267],[-93.43,74.967],[-93.437,74.945]]],[[[-109.605,78.074],[-110.84,77.869],[-110.131,77.781],[-110.235,77.505],[-112.111,77.326],[-113.201,77.528],[-113.086,77.923],[-111.279,78.091],[-109.698,78.097],[-109.605,78.074]]],[[[-60.079,45.793],[-60.727,45.565],[-61.336,45.567],[-61.541,46.041],[-60.605,47.034],[-60.349,46.615],[-60.914,45.854],[-60.284,46.328],[-59.863,46.136],[-60.076,45.796],[-60.079,45.793]]],[[[-75.034,68.173],[-75.034,67.608],[-75.919,67.255],[-76.981,67.243],[-77.251,67.454],[-77.212,67.871],[-76.69,68.263],[-75.912,68.344],[-75.045,68.175],[-75.034,68.173]]],[[[-64.32,49.792],[-64.133,49.95],[-63.125,49.783],[-61.883,49.354],[-61.706,49.098],[-62.246,49.067],[-63.586,49.39],[-64.302,49.78],[-64.32,49.792]]],[[[-104.68,73.629],[-104.572,73.332],[-105.299,72.853],[-106.509,73.415],[-107.038,73.484],[-106.599,73.71],[-105.166,73.756],[-104.824,73.638],[-104.68,73.629]]],[[[-109.259,78.459],[-109.425,78.308],[-111.153,78.391],[-113.061,78.275],[-113.216,78.406],[-110.426,78.766],[-109.277,78.465],[-109.259,78.459]]],[[[-62.005,46.463],[-62.75,45.95],[-63.118,46.215],[-64.126,46.409],[-64.093,46.779],[-63.236,46.408],[-62.099,46.484],[-62.005,46.463]]],[[[-82.191,62.986],[-81.939,62.711],[-83.134,62.177],[-83.674,62.145],[-83.908,62.491],[-83.289,62.932],[-82.183,62.986],[-82.191,62.986]]],[[[-131.112,52.173],[-131.281,52.132],[-132.566,53.145],[-131.796,53.252],[-131.662,52.542],[-131.097,52.169],[-131.112,52.173]]],[[[-132.58,53.208],[-133.146,53.897],[-133.052,54.184],[-132.13,54.011],[-131.67,54.153],[-131.983,53.262],[-132.566,53.203],[-132.58,53.208]]],[[[-117.784,75.897],[-118.612,75.504],[-119.408,75.602],[-118.623,75.922],[-117.658,76.127],[-117.759,75.909],[-117.784,75.897]]],[[[-93.254,77.645],[-93.502,77.464],[-95.986,77.479],[-96.234,77.706],[-95.446,77.812],[-93.606,77.781],[-93.21,77.645],[-93.254,77.645]]],[[[-104.396,77.192],[-105.224,77.165],[-106.077,77.739],[-105.504,77.721],[-104.374,77.231],[-104.396,77.192]]],[[[-79.282,62.27],[-79.325,61.988],[-79.833,61.573],[-80.182,61.774],[-80.214,62.137],[-79.833,62.41],[-79.296,62.277],[-79.282,62.27]]],[[[-80.758,52.919],[-80.7,52.699],[-82.061,53.024],[-81.121,53.203],[-80.769,52.934],[-80.758,52.919]]],[[[-100.151,79.999],[-99.78,80.151],[-98.708,79.967],[-98.801,79.676],[-100.151,79.99],[-100.151,79.999]]],[[[-89.661,77.356],[-90.093,77.204],[-91.198,77.408],[-91.169,77.618],[-90.305,77.63],[-89.675,77.359],[-89.661,77.356]]],[[[-79.545,56.044],[-80.027,55.901],[-79.235,56.551],[-79.055,56.348],[-79.631,55.941],[-79.545,56.044]]],[[[-130.251,53.893],[-129.337,53.361],[-129.567,53.216],[-130.269,53.886],[-130.251,53.893]]],[[[-113.687,77.866],[-114.163,77.707],[-115.117,77.96],[-114.389,78.077],[-113.702,77.89],[-113.687,77.866]]],[[[-103.64,75.2],[-104.23,75.019],[-104.907,75.124],[-104.403,75.433],[-103.661,75.203],[-103.64,75.2]]],[[[-104.399,76.469],[-104.025,76.67],[-103.02,76.451],[-103.337,76.331],[-104.378,76.324],[-104.385,76.442],[-104.399,76.469]]],[[[-103.812,76.034],[-104.313,76.213],[-102.725,76.316],[-102.837,76.081],[-103.524,76.041],[-103.812,76.034]]],[[[-79.08,68.879],[-79.422,68.927],[-78.587,69.377],[-78.965,68.888],[-79.08,68.879]]],[[[-99.248,73.856],[-98.751,74.033],[-97.725,74.122],[-98.142,73.879],[-98.877,73.857],[-99.248,73.856]]],[[[-73.36,67.837],[-74.404,67.778],[-74.757,68.064],[-73.414,67.969],[-73.367,67.844],[-73.36,67.837]]],[[[-77.539,63.288],[-77.939,63.087],[-78.533,63.39],[-77.845,63.472],[-77.543,63.293],[-77.539,63.288]]],[[[-86.575,68.29],[-86.374,67.959],[-86.597,67.728],[-86.986,68.067],[-86.658,68.31],[-86.575,68.29]]],[[[-128.804,52.701],[-129.185,52.949],[-129.077,53.302],[-128.635,53.164],[-128.797,52.691],[-128.804,52.701]]],[[[-84.473,66.09],[-83.692,65.926],[-84.127,65.762],[-84.466,66.09],[-84.473,66.09]]],[[[-114.836,76.76],[-114.436,76.883],[-113.486,76.821],[-113.673,76.704],[-114.818,76.76],[-114.836,76.76]]],[[[-64.842,61.352],[-65.486,61.6],[-64.716,61.664],[-64.802,61.377],[-64.842,61.352]]],[[[-102.448,77.739],[-102.398,77.89],[-101.213,77.841],[-100.986,77.726],[-102.448,77.733],[-102.448,77.739]]],[[[-89.675,76.733],[-90.064,76.486],[-90.568,76.716],[-89.697,76.753],[-89.675,76.733]]],[[[-102.57,75.993],[-103.974,75.944],[-102.444,76.09],[-102.354,76.014],[-102.57,75.993]]],[[[-78.897,76.123],[-78.875,75.855],[-79.725,75.862],[-78.9,76.123],[-78.897,76.123]]],[[[-79.969,69.632],[-80.761,69.668],[-79.674,69.82],[-79.962,69.631],[-79.969,69.632]]],[[[-85.002,66.007],[-84.574,65.636],[-85.114,65.762],[-85.013,66.009],[-85.002,66.007]]]]}},{"type":"Feature","properties":{"name":"Cayman Islands","tiny":true},"geometry":{"type":"Polygon","coordinates":[[[-81.014,19.382],[-80.939,19.365],[-80.917,19.34],[-80.908,19.287],[-80.954,19.26],[-81.014,19.25],[-81.08,19.266],[-81.214,19.245],[-81.28,19.198],[-81.474,19.214],[-81.534,19.194],[-81.556,19.214],[-81.534,19.285],[-81.525,19.347],[-81.54,19.375],[-81.593,19.413],[-81.577,19.454],[-81.548,19.466],[-81.511,19.452],[-81.511,19.423],[-81.474,19.351],[-81.482,19.309],[-81.451,19.274],[-81.362,19.287],[-81.34,19.34],[-81.296,19.326],[-81.296,19.367],[-81.325,19.41],[-81.288,19.406],[-81.214,19.375],[-81.168,19.367],[-81.057,19.382],[-81.014,19.382]]]}},{"type":"Feature","properties":{"name":"Central African Republic"},"geometry":{"type":"Polygon","coordinates":[[[22.862,10.919],[23.625,9.907],[23.481,8.783],[24.169,8.69],[24.205,8.283],[24.831,8.167],[25.231,7.852],[25.36,7.336],[26.379,6.654],[26.602,6.01],[27.124,5.769],[27.441,5.071],[27.074,5.203],[26.52,5.046],[26.131,5.259],[25.364,5.311],[25.306,5.033],[24.399,5.036],[23.388,4.587],[22.977,4.835],[22.542,4.227],[20.605,4.409],[20.338,4.772],[19.719,5.136],[19.082,4.909],[18.542,4.328],[18.625,3.477],[17.458,3.709],[16.598,3.501],[16.198,2.236],[16.094,2.863],[15.172,3.759],[14.982,4.421],[14.704,4.669],[14.524,5.279],[14.632,5.738],[14.388,6.039],[14.719,6.258],[15.482,7.523],[15.795,7.457],[16.548,7.869],[16.767,7.55],[17.682,7.986],[18.589,8.048],[19.125,8.675],[19.021,8.985],[20.436,9.137],[21.75,10.412],[21.735,10.645],[22.459,11.002],[22.862,10.919]]]}},{"type":"Feature","properties":{"name":"Chad"},"geometry":{"type":"Polygon","coordinates":[[[14.064,13.079],[13.606,13.703],[13.448,14.38],[14.37,15.75],[15.453,16.876],[15.738,19.904],[15.972,20.336],[15.18,21.508],[14.982,22.996],[15.986,23.445],[23.982,19.497],[23.985,15.721],[23.067,15.687],[22.668,14.681],[22.365,14.544],[22.545,14.139],[22.074,13.781],[22.268,13.335],[21.879,12.677],[22.203,12.743],[22.614,12.072],[22.538,11.68],[22.902,11.409],[22.862,10.919],[22.459,11.002],[21.735,10.645],[21.75,10.412],[20.436,9.137],[19.021,8.985],[19.125,8.675],[18.589,8.048],[17.682,7.986],[16.767,7.55],[16.548,7.869],[15.795,7.457],[15.482,7.523],[15.561,7.792],[15.054,8.644],[14.348,9.168],[13.945,9.652],[14.197,9.978],[15.68,9.992],[15.064,10.794],[15.136,11.53],[14.82,12.64],[14.42,13.082],[14.064,13.079]]]}},{"type":"Feature","properties":{"name":"Chile"},"geometry":{"type":"MultiPolygon","coordinates":[[[[-69.511,-17.507],[-69.043,-18.457],[-68.989,-18.947],[-68.496,-19.459],[-68.766,-20.421],[-68.208,-21.284],[-67.877,-22.834],[-67.193,-22.822],[-67.013,-23.001],[-67.362,-24.03],[-68.244,-24.386],[-68.579,-24.808],[-68.366,-25.104],[-68.608,-25.436],[-68.42,-26.179],[-68.572,-26.551],[-68.33,-27.045],[-68.802,-27.113],[-69.173,-27.923],[-69.655,-28.401],[-69.821,-29.121],[-70.044,-29.364],[-69.911,-30.33],[-70.149,-30.353],[-70.591,-31.549],[-70.159,-32.486],[-70.012,-33.3],[-69.788,-33.379],[-69.828,-34.234],[-70.228,-34.585],[-70.559,-35.299],[-70.451,-36.152],[-71.045,-36.485],[-71.185,-37.626],[-70.872,-38.692],[-71.416,-38.935],[-71.52,-39.615],[-71.956,-40.721],[-71.927,-41.623],[-71.736,-42.084],[-72.125,-42.263],[-72.15,-42.999],[-71.743,-43.19],[-71.938,-43.457],[-71.661,-43.926],[-71.823,-44.404],[-71.211,-44.428],[-71.297,-44.796],[-72.049,-44.755],[-71.311,-45.299],[-71.801,-45.718],[-71.686,-46.69],[-72.543,-47.915],[-72.294,-48.333],[-72.593,-48.791],[-73.587,-49.53],[-73.529,-50.14],[-73.176,-50.75],[-72.301,-50.648],[-72.258,-51.231],[-72.449,-51.553],[-71.916,-51.991],[-69.954,-52.008],[-68.449,-52.347],[-69.184,-52.198],[-70.746,-52.798],[-71.034,-53.809],[-71.337,-53.88],[-72.283,-53.581],[-72.283,-53.242],[-71.383,-53.127],[-71.351,-52.806],[-72.021,-53.125],[-72.381,-53.051],[-72.521,-53.544],[-73.173,-53.257],[-72.705,-52.708],[-71.477,-52.646],[-72.327,-52.524],[-73.007,-52.833],[-73.615,-52.749],[-73.579,-52.209],[-72.453,-51.913],[-73.061,-51.694],[-73.291,-52.166],[-73.551,-51.722],[-73.9,-51.626],[-73.759,-51.195],[-74.256,-50.939],[-73.936,-50.827],[-74.685,-50.209],[-74.346,-50.086],[-74.101,-49.492],[-74.422,-49.385],[-74.393,-48.598],[-73.997,-48.414],[-74.627,-48.004],[-74.062,-48.001],[-73.353,-48.22],[-73.551,-47.808],[-74.728,-47.73],[-74.325,-47.219],[-73.947,-47.048],[-74.267,-46.781],[-74.681,-46.884],[-75.077,-46.619],[-75.552,-46.949],[-75.707,-46.655],[-74.692,-45.841],[-74.188,-45.794],[-73.687,-46.322],[-73.407,-45.007],[-72.809,-44.767],[-72.687,-44.488],[-73.284,-44.174],[-72.917,-43.588],[-73.111,-43.462],[-72.762,-43.009],[-72.867,-42.621],[-72.463,-41.986],[-72.888,-41.912],[-72.82,-41.51],[-73.201,-41.785],[-73.759,-41.75],[-73.947,-40.973],[-73.713,-39.978],[-73.241,-39.49],[-73.669,-37.719],[-73.608,-37.155],[-73.237,-37.192],[-72.633,-35.552],[-72.229,-35.117],[-72.028,-34.163],[-71.643,-33.501],[-71.412,-32.369],[-71.715,-30.615],[-71.286,-29.911],[-71.524,-28.94],[-70.912,-27.621],[-70.476,-25.386],[-70.577,-24.732],[-70.498,-23.785],[-70.581,-23.108],[-70.336,-23.003],[-70.059,-21.433],[-70.206,-20.527],[-70.149,-19.737],[-70.393,-18.337],[-69.986,-18.265],[-69.857,-17.735],[-69.511,-17.507]]],[[[-68.644,-54.799],[-68.654,-54.887],[-69.713,-54.792],[-70.761,-54.841],[-71.599,-54.4],[-70.973,-54.47],[-70.933,-54.113],[-68.989,-54.431],[-70.059,-54.086],[-70.185,-53.811],[-69.36,-53.522],[-69.353,-53.355],[-70.257,-53.461],[-70.419,-53.012],[-69.734,-52.774],[-69.418,-52.452],[-69.14,-52.683],[-68.629,-52.639],[-68.64,-54.784],[-68.644,-54.799]]],[[[-74.335,-43.281],[-74.127,-42.671],[-74.065,-41.805],[-73.536,-41.841],[-73.378,-42.278],[-73.81,-42.609],[-73.5,-42.801],[-73.731,-43.393],[-74.314,-43.296],[-74.335,-43.281]]],[[[-75.199,-49.772],[-75.469,-49.323],[-74.857,-49.11],[-75.052,-48.857],[-74.544,-48.706],[-74.425,-49.745],[-74.868,-50.017],[-74.886,-49.473],[-75.174,-49.802],[-75.199,-49.772]]],[[[-67.999,-55.628],[-68.971,-55.422],[-68.802,-55.189],[-69.788,-55.305],[-69.886,-55.064],[-68.442,-54.939],[-68.629,-55.155],[-67.992,-55.616],[-67.999,-55.628]]],[[[-73.209,-53.318],[-74.328,-53.092],[-74.692,-52.719],[-73.209,-53.311],[-73.209,-53.318]]],[[[-72.528,-54.076],[-72.816,-53.821],[-73.338,-53.955],[-73.032,-53.391],[-72.157,-53.808],[-72.517,-54.046],[-72.528,-54.076]]],[[[-67.884,-55.245],[-68.345,-54.92],[-67.301,-54.929],[-67.272,-55.307],[-67.823,-55.262],[-67.884,-55.245]]],[[[-73.381,-44.588],[-73.003,-44.362],[-72.723,-44.527],[-73.291,-44.932],[-73.392,-44.59],[-73.381,-44.588]]],[[[-75.149,-48.659],[-75.585,-48.085],[-75.351,-48.004],[-75.135,-48.651],[-75.149,-48.659]]],[[[-70.455,-53.612],[-70.541,-54.221],[-70.883,-53.843],[-70.462,-53.576],[-70.455,-53.612]]],[[[-74.497,-48.583],[-74.998,-48.603],[-74.764,-48.153],[-74.519,-48.583],[-74.497,-48.583]]]]}},{"type":"Feature","properties":{"name":"China"},"geometry":{"type":"MultiPolygon","coordinates":[[[[77.799,35.496],[77.662,35.457],[77.511,35.479],[77.413,35.469],[77.251,35.53],[77.14,35.525],[77.039,35.586],[76.895,35.589],[76.845,35.641],[76.776,35.646],[76.189,35.805],[75.901,36.114],[75.977,36.462],[75.099,36.994],[74.544,37.021],[74.893,37.23],[74.775,38.51],[73.817,38.586],[73.633,39.449],[73.929,39.593],[74.004,40.06],[74.371,40.106],[74.836,40.511],[75.588,40.613],[75.682,40.292],[76.625,40.628],[76.765,40.945],[78.076,41.04],[78.36,41.377],[79.303,41.788],[80.182,42.021],[80.211,42.19],[80.142,42.646],[80.794,43.149],[80.344,44.103],[80.355,44.653],[80.063,45.02],[81.741,45.339],[81.949,45.145],[82.587,45.177],[82.291,45.533],[83.152,47.211],[83.904,46.973],[84.664,46.984],[84.739,46.815],[85.499,47.051],[85.672,47.384],[85.517,47.921],[85.783,48.407],[86.547,48.517],[86.838,49.094],[87.324,49.086],[87.817,49.165],[88.015,48.54],[89.045,47.993],[89.571,48.02],[90.345,47.659],[91.047,46.551],[91.004,46.021],[90.651,45.493],[90.906,45.185],[91.533,45.07],[93.524,44.95],[93.974,44.66],[95.036,44.255],[95.381,44.287],[95.874,43.247],[96.35,42.74],[97.192,42.787],[99.474,42.565],[100.018,42.676],[101.638,42.516],[102.034,42.185],[103.074,42.004],[103.722,41.756],[104.5,41.871],[104.496,41.666],[105.202,41.744],[106.768,42.286],[108.176,42.455],[109.486,42.45],[110.408,42.769],[110.933,43.287],[111.934,43.696],[111.405,44.417],[112.01,45.087],[113.605,44.739],[114.533,45.386],[115.639,45.444],[116.171,45.709],[116.603,46.31],[117.302,46.35],[118.27,46.723],[119.681,46.592],[119.753,47.095],[118.544,47.966],[117.741,47.978],[117.359,47.651],[116.852,47.872],[115.916,47.684],[115.513,48.132],[116.683,49.824],[117.759,49.513],[118.569,49.92],[119.21,50.015],[119.134,50.381],[119.498,50.737],[120.085,51.644],[120.661,51.924],[120.725,52.542],[120.034,52.76],[120.873,53.28],[122.317,53.496],[123.613,53.564],[124.898,53.118],[125.733,52.981],[126.532,52.152],[126.446,51.982],[126.932,51.063],[127.58,50.221],[127.508,49.822],[128.066,49.547],[128.797,49.572],[129.52,49.397],[130.824,48.334],[130.683,48.051],[131.043,47.678],[132.548,47.716],[133.092,48.106],[134.388,48.382],[134.719,48.263],[134.773,47.711],[134.154,47.257],[133.902,46.259],[133.189,45.504],[132.955,45.025],[131.817,45.332],[131.436,44.961],[130.935,44.842],[131.263,44.054],[131.281,43.38],[130.993,42.848],[130.406,42.735],[130.532,42.531],[130.122,42.982],[129.862,42.97],[129.704,42.443],[129.34,42.445],[128.905,42.026],[128.033,41.994],[128.303,41.583],[128.145,41.376],[127.105,41.538],[126.91,41.796],[126.014,40.91],[124.894,40.484],[124.369,40.098],[124.203,39.878],[122.849,39.618],[121.859,38.944],[121.114,38.769],[121.676,39.088],[121.222,39.528],[121.525,39.653],[122.302,40.503],[122.05,40.746],[121.175,40.922],[120.437,40.194],[119.534,39.892],[119.015,39.189],[118.346,39.03],[117.716,39.111],[117.579,38.585],[117.838,38.27],[118.839,38.152],[118.961,37.296],[119.44,37.121],[120.74,37.833],[121.593,37.424],[122.122,37.563],[122.687,37.409],[122.32,36.823],[122.029,36.987],[121.024,36.584],[120.697,36.145],[119.656,35.589],[119.192,35],[119.642,34.551],[120.257,34.312],[120.484,33.651],[120.891,33.026],[120.862,32.671],[121.355,32.414],[121.931,31.727],[121.287,31.891],[121.067,31.724],[121.726,31.281],[121.978,30.915],[121.409,30.768],[120.7,30.251],[121.377,30.326],[122.137,29.885],[121.942,29.196],[121.525,29.277],[121.658,28.34],[121.183,28.382],[120.517,27.202],[119.948,26.797],[119.584,26.795],[119.645,25.41],[119.278,25.571],[118.648,24.568],[118.159,24.662],[118.126,24.262],[116.917,23.663],[116.495,22.94],[115.574,22.668],[114.775,22.817],[114.231,22.557],[114.163,22.56],[114.148,22.538],[114.083,22.53],[113.889,22.452],[113.583,23.099],[113.349,22.889],[113.529,22.202],[112.579,21.766],[112.028,21.797],[111.632,21.53],[110.768,21.398],[110.156,20.986],[110.534,20.478],[109.914,20.248],[109.662,20.927],[109.742,21.474],[108.449,21.866],[107.992,21.486],[107.348,21.599],[106.721,22.008],[106.527,22.428],[106.79,22.796],[105.854,22.904],[105.292,23.367],[104.824,22.925],[103.96,22.508],[103.308,22.788],[103.046,22.44],[102.466,22.769],[102.12,22.398],[101.516,22.246],[101.753,21.807],[101.703,21.135],[101.26,21.179],[101.159,21.552],[101.084,21.766],[100.623,21.469],[99.95,21.721],[99.942,22.045],[99.143,22.153],[99.478,23.067],[98.859,23.18],[98.585,24.076],[98.182,24.119],[97.624,23.847],[97.538,24.745],[97.703,25.074],[98.693,25.88],[98.549,26.121],[98.754,26.624],[98.675,27.587],[98.294,27.536],[98.128,28.124],[97.545,28.539],[97.325,28.217],[96.612,28.608],[96.141,29.368],[95.28,29.053],[94.629,29.319],[94.348,29.024],[93.448,28.673],[92.706,28.156],[92.663,27.94],[91.634,27.759],[91.652,27.916],[91.292,28.092],[91.094,27.972],[90.683,28.087],[90.474,28.073],[90.59,28.234],[90.226,28.359],[89.862,28.296],[89.56,28.134],[88.977,27.531],[88.894,27.315],[88.818,27.995],[88.12,27.86],[87.115,27.845],[86.543,28.093],[85.963,27.891],[85.693,28.335],[85.081,28.318],[85.161,28.595],[84.678,28.605],[84.091,29.257],[83.515,29.191],[83.163,29.625],[82.144,30.069],[82.072,30.338],[81.388,30.375],[80.995,30.197],[80.178,30.559],[79.062,31.433],[78.785,31.288],[78.745,31.964],[78.382,32.528],[78.911,32.355],[79.501,32.747],[79.347,33.179],[78.781,33.553],[78.731,34.079],[78.987,34.287],[78.274,34.659],[77.799,35.496]]],[[[111.009,19.684],[110.671,19.382],[110.469,18.778],[110.041,18.382],[109.162,18.288],[108.694,18.504],[108.626,19.276],[109.594,19.993],[110.933,19.995],[110.998,19.686],[111.009,19.684]]]]}},{"type":"Feature","properties":{"name":"Colombia"},"geometry":{"type":"Polygon","coordinates":[[[-78.828,1.434],[-78.573,1.782],[-78.702,2.147],[-78.335,2.647],[-77.777,2.577],[-77.723,2.983],[-77.194,3.758],[-77.428,4.18],[-77.32,4.546],[-77.403,5.45],[-77.248,5.723],[-77.485,6.189],[-77.341,6.544],[-77.896,7.234],[-77.734,7.552],[-77.341,7.707],[-77.165,7.939],[-77.421,8.457],[-77.374,8.665],[-76.834,8.136],[-76.949,8.545],[-76.258,9.007],[-76.107,9.322],[-75.671,9.409],[-75.405,10.681],[-74.843,11.11],[-74.361,10.775],[-74.188,11.317],[-73.291,11.294],[-72.262,11.886],[-72.172,12.234],[-71.261,12.342],[-71.326,11.849],[-71.992,11.648],[-72.499,11.122],[-72.906,10.453],[-72.978,9.838],[-73.378,9.164],[-73.011,9.296],[-72.402,8.371],[-72.453,7.44],[-72.1,7.088],[-71.185,6.963],[-70.577,7.086],[-70.098,6.944],[-69.443,6.122],[-67.448,6.198],[-67.844,5.298],[-67.873,4.521],[-67.632,3.763],[-67.304,3.425],[-67.837,2.886],[-67.218,2.285],[-66.876,1.223],[-67.366,2.115],[-68.165,1.721],[-69.857,1.708],[-69.853,1.059],[-69.371,1.063],[-69.144,0.637],[-70.055,0.588],[-70.069,-0.16],[-69.619,-0.525],[-69.4,-1.183],[-69.965,-4.236],[-70.311,-3.829],[-70.735,-3.782],[-70.051,-2.715],[-70.905,-2.211],[-71.419,-2.375],[-71.74,-2.137],[-72.377,-2.451],[-72.928,-2.426],[-73.187,-1.799],[-73.533,-1.675],[-73.637,-1.256],[-74.346,-0.859],[-74.422,-0.538],[-75.282,-0.108],[-76.312,0.458],[-76.409,0.254],[-77.424,0.408],[-77.673,0.82],[-78.079,0.901],[-78.828,1.434]]]}},{"type":"Feature","properties":{"name":"Comoros","tiny":true},"geometry":{"type":"Polygon","coordinates":[[[43.487,-11.857],[43.526,-11.92],[43.509,-11.972],[43.453,-11.989],[43.374,-11.904],[43.292,-11.891],[43.254,-11.865],[43.189,-11.771],[43.184,-11.741],[43.223,-11.678],[43.219,-11.639],[43.232,-11.426],[43.223,-11.399],[43.262,-11.324],[43.357,-11.304],[43.379,-11.312],[43.409,-11.371],[43.384,-11.597],[43.392,-11.646],[43.466,-11.77],[43.466,-11.82],[43.487,-11.845],[43.487,-11.857]]]}},{"type":"Feature","properties":{"name":"Cook Islands","tiny":true},"geometry":{"type":"Polygon","coordinates":[[[-159.828,-21.012],[-159.583,-21.043],[-159.497,-21.104],[-159.449,-21.196],[-159.449,-21.324],[-159.497,-21.428],[-159.693,-21.403],[-159.803,-21.355],[-160.048,-21.373],[-160.134,-21.3],[-160.091,-21.263],[-160.048,-21.147],[-160.048,-21.073],[-159.981,-21.03],[-159.828,-21.012]]]}},{"type":"Feature","properties":{"name":"Costa Rica"},"geometry":{"type":"Polygon","coordinates":[[[-83.645,10.926],[-83.465,10.495],[-82.788,9.673],[-82.572,9.576],[-82.943,9.457],[-82.939,9.06],[-82.72,8.92],[-82.925,8.741],[-82.871,8.438],[-83.055,8.315],[-82.896,8.035],[-83.152,8.369],[-83.17,8.638],[-83.472,8.698],[-83.289,8.376],[-83.735,8.592],[-83.587,8.835],[-83.785,9.2],[-84.678,9.651],[-84.732,9.967],[-85.254,10.242],[-85.146,9.999],[-84.865,9.83],[-85.117,9.556],[-85.333,9.826],[-85.639,9.906],[-85.873,10.355],[-85.665,10.779],[-85.945,10.892],[-85.701,11.081],[-85.596,11.209],[-84.93,10.943],[-84.678,11.071],[-84.354,10.995],[-84.192,10.782],[-83.933,10.718],[-83.645,10.926]]]}},{"type":"Feature","properties":{"name":"Croatia"},"geometry":{"type":"MultiPolygon","coordinates":[[[[16.515,46.502],[17.289,45.984],[17.869,45.773],[18.412,45.742],[18.902,45.932],[18.978,45.395],[19.392,45.17],[19.06,45.146],[19.017,44.866],[18.69,45.081],[18.24,45.158],[17.836,45.064],[16.947,45.236],[16.587,45.221],[16.213,45.032],[16.008,45.219],[15.781,45.168],[15.716,44.787],[16.036,44.616],[16.216,44.208],[17.084,43.514],[17.286,43.438],[17.581,42.943],[16.882,43.405],[15.932,43.677],[15.111,44.265],[15.309,44.354],[14.902,44.69],[14.827,45.114],[14.33,45.354],[13.848,44.827],[13.588,45.489],[13.891,45.423],[13.984,45.476],[14.373,45.477],[14.564,45.663],[14.798,45.466],[14.906,45.514],[15.14,45.43],[15.313,45.45],[15.262,45.731],[15.666,45.832],[15.662,46.215],[16.216,46.367],[16.342,46.546],[16.515,46.502]]],[[[18.438,42.559],[18.495,42.416],[17.653,42.89],[18.438,42.559]]]]}},{"type":"Feature","properties":{"name":"Cuba"},"geometry":{"type":"MultiPolygon","coordinates":[[[[-75.095,19.897],[-75.095,19.971],[-75.138,19.971],[-75.16,19.971],[-75.178,19.971],[-75.228,19.938],[-75.232,19.9],[-76.247,19.99],[-77.705,19.83],[-77.082,20.466],[-77.316,20.709],[-78.065,20.711],[-78.493,21.049],[-78.76,21.641],[-79.21,21.548],[-79.894,21.699],[-80.452,22.069],[-81.823,22.188],[-82.165,22.396],[-81.877,22.68],[-82.781,22.697],[-83.375,22.207],[-83.926,22.172],[-84.52,21.787],[-84.531,22.045],[-84.07,22.698],[-83.227,23.002],[-82.219,23.195],[-80.621,23.09],[-80.023,22.947],[-79.343,22.413],[-78.709,22.388],[-77.449,21.802],[-76.546,21.187],[-75.577,21.013],[-75.711,20.691],[-74.771,20.627],[-74.159,20.274],[-74.267,20.068],[-75.095,19.897]]],[[[-82.569,21.636],[-82.835,21.445],[-83.076,21.844],[-82.569,21.645],[-82.569,21.636]]]]}},{"type":"Feature","properties":{"name":"Curaçao","tiny":true},"geometry":{"type":"Polygon","coordinates":[[[-68.671,12.024],[-68.612,11.965],[-68.619,11.941],[-68.729,11.935],[-68.853,12.012],[-68.94,12.037],[-69.039,12.105],[-69.075,12.173],[-69.156,12.196],[-69.226,12.303],[-69.297,12.363],[-69.291,12.499],[-69.203,12.462],[-69.145,12.418],[-69.093,12.28],[-69.035,12.225],[-68.963,12.191],[-68.759,12.144],[-68.713,12.056],[-68.671,12.024]]]}},{"type":"Feature","properties":{"name":"Cyprus"},"geometry":{"type":"Polygon","coordinates":[[[33.702,34.988],[33.702,34.973],[33.655,34.944],[33.59,34.817],[33.245,34.697],[33.072,34.687],[33.014,34.635],[32.957,34.628],[32.953,34.643],[32.967,34.652],[32.989,34.647],[32.989,34.674],[32.953,34.677],[32.935,34.657],[32.917,34.667],[32.913,34.66],[32.885,34.667],[32.859,34.687],[32.859,34.701],[32.831,34.701],[32.82,34.687],[32.805,34.686],[32.798,34.67],[32.766,34.675],[32.762,34.654],[32.665,34.652],[32.474,34.713],[32.413,34.753],[32.381,34.849],[32.337,34.876],[32.276,35.091],[32.413,35.044],[32.481,35.082],[32.553,35.179],[32.586,35.172],[32.607,35.153],[32.661,35.187],[32.69,35.184],[32.712,35.133],[32.805,35.094],[32.834,35.059],[32.892,35.091],[32.949,35.079],[33.036,35.136],[33.122,35.131],[33.173,35.163],[33.237,35.15],[33.302,35.113],[33.349,35.155],[33.417,35.16],[33.461,35.094],[33.446,35.001],[33.486,34.981],[33.497,35.027],[33.529,35.037],[33.533,35],[33.579,35.02],[33.702,34.988]]]}},{"type":"Feature","properties":{"name":"Czech Republic"},"geometry":{"type":"Polygon","coordinates":[[[14.809,50.859],[15.003,51.021],[16,50.636],[16.702,50.096],[16.976,50.232],[16.864,50.423],[17.876,49.969],[18.546,49.913],[18.834,49.51],[18.535,49.481],[18.117,49.202],[18.096,49.071],[17.534,48.812],[17.167,48.86],[16.944,48.605],[16.436,48.795],[16.033,48.758],[14.978,49.006],[14.697,48.589],[14.074,48.591],[13.815,48.767],[12.382,49.743],[12.246,50.045],[12.512,50.389],[13.448,50.597],[14.568,50.984],[14.809,50.859]]]}},{"type":"Feature","properties":{"name":"Democratic Republic of the Congo"},"geometry":{"type":"Polygon","coordinates":[[[18.625,3.477],[18.542,4.328],[19.082,4.909],[19.719,5.136],[20.338,4.772],[20.605,4.409],[22.542,4.227],[22.977,4.835],[23.388,4.587],[24.399,5.036],[25.306,5.033],[25.364,5.311],[26.131,5.259],[26.52,5.046],[27.074,5.203],[27.441,5.071],[28.402,4.278],[28.755,4.555],[29.173,4.349],[29.45,4.658],[29.796,4.556],[30.206,3.95],[30.84,3.491],[30.707,2.463],[31.243,2.05],[29.947,0.825],[29.713,0.1],[29.58,-1.389],[29.342,-1.516],[29.148,-1.799],[29.151,-2.151],[28.86,-2.417],[28.892,-2.652],[29.014,-2.721],[28.986,-2.797],[29.234,-3.047],[29.205,-3.334],[29.223,-3.927],[29.338,-4.093],[29.403,-4.451],[29.342,-4.999],[29.594,-5.621],[29.475,-6.002],[29.738,-6.652],[30.296,-7.149],[30.753,-8.194],[28.914,-8.473],[28.766,-8.934],[28.374,-9.234],[28.698,-9.792],[28.701,-10.643],[28.356,-11.446],[28.453,-11.781],[29.029,-12.377],[29.5,-12.453],[29.799,-12.154],[29.799,-13.424],[29.529,-13.235],[29.184,-13.437],[28.341,-12.451],[27.639,-12.294],[27.024,-11.595],[26.718,-12.014],[25.994,-11.906],[25.335,-11.634],[25.321,-11.205],[24.446,-11.463],[23.967,-10.872],[23.013,-11.102],[22.502,-11.043],[22.16,-9.932],[21.793,-9.393],[21.94,-8.5],[21.757,-8.015],[21.786,-7.284],[20.522,-7.286],[20.612,-6.916],[19.521,-7.002],[19.356,-8.002],[18.193,-7.997],[17.628,-8.098],[16.998,-7.297],[16.598,-5.925],[16.256,-5.855],[13.185,-5.857],[12.436,-6.051],[12.21,-5.764],[12.508,-5.727],[12.444,-5.055],[13.074,-4.635],[13.394,-4.884],[14.388,-4.277],[14.402,-4.886],[14.83,-4.815],[15.205,-4.339],[15.91,-3.917],[16.209,-3.361],[16.231,-2.129],[16.828,-1.276],[17.75,-0.523],[17.941,0.362],[17.865,1.017],[18.074,1.573],[18.074,2.16],[18.614,3.128],[18.625,3.477]]]}},{"type":"Feature","properties":{"name":"Denmark"},"geometry":{"type":"MultiPolygon","coordinates":[[[[8.66,54.896],[8.617,55.438],[8.095,55.563],[8.192,55.811],[8.386,55.926],[8.102,56.097],[8.123,56.551],[8.253,56.607],[8.728,56.483],[8.955,56.803],[9.275,56.634],[9.164,56.894],[9.437,57.024],[9.113,57.059],[8.678,56.953],[8.491,56.794],[8.541,56.593],[8.242,56.777],[8.617,57.123],[9.232,57.14],[9.574,57.243],[9.967,57.591],[10.564,57.75],[10.431,57.571],[10.539,57.237],[10.266,56.907],[10.359,56.561],[10.964,56.448],[10.532,56.1],[10.402,56.298],[10.276,56.017],[10.006,55.702],[9.499,55.489],[9.707,55.264],[9.488,55.148],[9.733,54.996],[9.437,54.81],[8.66,54.896]]],[[[12.04,54.893],[11.961,54.694],[11.713,54.949],[11.882,54.976],[11.637,55.182],[11.263,55.2],[11.086,55.659],[11.479,55.941],[11.662,55.908],[11.81,55.68],[12.246,56.129],[12.624,56.044],[12.512,55.921],[12.602,55.708],[12.249,55.546],[12.465,55.29],[12.184,55.227],[12.022,54.898],[12.04,54.893]]],[[[10.665,55.065],[10.068,55.092],[9.675,55.496],[10.309,55.619],[10.798,55.359],[10.705,55.063],[10.665,55.065]]],[[[11.846,54.732],[11.454,54.628],[11,54.786],[11.23,54.962],[11.857,54.744],[11.846,54.732]]]]}},{"type":"Feature","properties":{"name":"Djibouti"},"geometry":{"type":"Polygon","coordinates":[[[43.242,11.488],[42.925,10.998],[42.77,10.997],[42.615,11.089],[42.392,11.007],[41.798,10.971],[41.748,11.539],[41.809,11.736],[41.935,11.827],[42.378,12.466],[42.522,12.496],[42.677,12.359],[42.9,12.616],[43.119,12.707],[43.328,12.489],[43.411,12.241],[43.379,12.005],[43.173,11.935],[43.04,11.799],[42.803,11.748],[42.684,11.583],[42.525,11.583],[42.59,11.473],[42.741,11.564],[43.159,11.601],[43.242,11.488]]]}},{"type":"Feature","properties":{"name":"Dominica","tiny":true},"geometry":{"type":"Polygon","coordinates":[[[-61.361,15.075],[-61.378,15.081],[-61.373,15.184],[-61.402,15.225],[-61.407,15.284],[-61.442,15.358],[-61.453,15.415],[-61.532,15.518],[-61.538,15.579],[-61.561,15.622],[-61.516,15.664],[-61.561,15.674],[-61.527,15.76],[-61.475,15.76],[-61.396,15.688],[-61.35,15.704],[-61.27,15.674],[-61.207,15.564],[-61.19,15.506],[-61.202,15.401],[-61.178,15.39],[-61.19,15.335],[-61.19,15.209],[-61.224,15.152],[-61.299,15.133],[-61.339,15.081],[-61.361,15.075]]]}},{"type":"Feature","properties":{"name":"Dominican Republic"},"geometry":{"type":"Polygon","coordinates":[[[-71.758,19.71],[-71.668,19.885],[-71.171,19.835],[-71.02,19.936],[-70.663,19.779],[-70.433,19.775],[-70.131,19.622],[-69.947,19.679],[-69.803,19.331],[-69.166,19.308],[-69.252,19.183],[-69.601,19.228],[-69.054,18.977],[-68.741,18.965],[-68.356,18.656],[-68.456,18.357],[-68.759,18.21],[-68.849,18.376],[-69.238,18.45],[-69.9,18.467],[-70.17,18.232],[-70.552,18.203],[-70.681,18.436],[-71.059,18.143],[-71.416,17.604],[-71.776,18.04],[-71.711,18.317],[-71.913,18.431],[-72.01,18.599],[-71.743,18.712],[-71.783,18.997],[-71.639,19.212],[-71.758,19.71]]]}},{"type":"Feature","properties":{"name":"East Timor"},"geometry":{"type":"Polygon","coordinates":[[[124.919,-8.962],[125.099,-8.778],[125.143,-8.631],[125.899,-8.481],[126.068,-8.522],[126.41,-8.419],[126.55,-8.486],[126.842,-8.392],[126.968,-8.309],[127.195,-8.329],[127.313,-8.415],[127.022,-8.675],[126.583,-8.805],[126.431,-8.954],[126.165,-8.988],[125.945,-9.126],[125.611,-9.187],[125.38,-9.282],[125.06,-9.486],[124.973,-9.192],[125.143,-9.189],[125.085,-8.986],[124.948,-9.079],[124.919,-8.962]]]}},{"type":"Feature","properties":{"name":"Ecuador"},"geometry":{"type":"MultiPolygon","coordinates":[[[[-78.828,1.434],[-78.079,0.901],[-77.673,0.82],[-77.424,0.408],[-76.409,0.254],[-76.312,0.458],[-75.282,-0.108],[-75.639,-0.111],[-75.271,-0.526],[-75.559,-1.502],[-76.625,-2.537],[-77.784,-2.958],[-78.349,-3.39],[-78.414,-3.772],[-79.062,-5.011],[-79.501,-4.542],[-80.139,-4.283],[-80.488,-4.396],[-80.481,-3.998],[-80.164,-3.89],[-80.34,-3.393],[-79.951,-3.198],[-79.725,-2.569],[-80.279,-2.649],[-80.913,-2.32],[-80.743,-2.103],[-80.916,-1.065],[-80.549,-0.889],[-80.495,-0.381],[-80.067,0.053],[-80.045,0.84],[-78.99,1.12],[-78.828,1.434]]],[[[-90.813,-0.731],[-91.4,-1.018],[-91.094,-0.57],[-91.353,-0.307],[-91.338,0.154],[-90.845,-0.695],[-90.813,-0.731]]]]}},{"type":"Feature","properties":{"name":"Egypt"},"geometry":{"type":"Polygon","coordinates":[[[34.249,31.212],[34.731,30.018],[34.886,29.49],[34.245,27.737],[33.237,28.566],[33.173,29.004],[32.715,29.456],[32.514,29.961],[32.363,29.687],[32.87,28.58],[33.554,27.896],[34.004,26.626],[35.513,23.977],[35.495,23.482],[35.847,22.763],[36.225,22.636],[36.884,21.996],[24.982,21.996],[24.982,29.181],[24.687,30.182],[24.99,30.751],[24.86,31.381],[25.152,31.656],[27.225,31.368],[28.406,31.087],[29.029,30.827],[30.069,31.334],[30.98,31.437],[31.013,31.597],[32.6,31.06],[33.133,31.045],[34.199,31.314],[34.249,31.212]]]}},{"type":"Feature","properties":{"name":"El Salvador"},"geometry":{"type":"Polygon","coordinates":[[[-90.1,13.732],[-90.1,13.859],[-89.88,14.043],[-89.761,14.029],[-89.664,14.19],[-89.531,14.225],[-89.599,14.328],[-89.362,14.416],[-89.113,14.397],[-88.959,14.185],[-88.746,14.112],[-88.692,14.011],[-88.512,13.987],[-88.498,13.852],[-88.098,13.99],[-88.015,13.867],[-87.807,13.909],[-87.702,13.815],[-87.817,13.406],[-87.792,13.305],[-87.929,13.158],[-88.21,13.16],[-88.613,13.285],[-88.527,13.198],[-88.786,13.246],[-89.25,13.472],[-89.808,13.526],[-89.837,13.597],[-90.1,13.732]]]}},{"type":"Feature","properties":{"name":"England"},"geometry":{"type":"MultiPolygon","coordinates":[[[[-2.666,51.617],[-3.541,51.399],[-4.379,51.727],[-4.941,51.597],[-5.29,51.918],[-4.196,52.279],[-4.131,52.888],[-4.761,52.789],[-4.178,53.218],[-3.184,53.376],[-2.9,53.736],[-3.634,54.513],[-3.389,54.883],[-4.347,54.702],[-5.157,54.879],[-4.617,55.496],[-5.182,55.97],[-5.639,55.303],[-5.564,56.342],[-6.179,56.755],[-5.647,57.13],[-5.812,57.833],[-5.456,57.853],[-5.395,58.245],[-4.988,58.628],[-4.66,58.555],[-3.019,58.64],[-3.22,58.305],[-4.016,57.949],[-4.25,57.498],[-3.501,57.703],[-1.996,57.703],[-1.759,57.473],[-2.529,56.581],[-2.576,56.284],[-3.177,56.058],[-2.147,55.918],[-1.633,55.585],[-1.201,54.621],[-0.563,54.477],[-0.074,54.113],[0.337,53.093],[1.643,52.775],[1.582,52.081],[0.585,51.391],[1.424,51.392],[1.355,51.131],[0.272,50.747],[-1.003,50.847],[-1.985,50.597],[-2.864,50.734],[-3.422,50.629],[-3.645,50.226],[-4.754,50.33],[-5.189,49.959],[-5.438,50.194],[-4.844,50.514],[-4.153,51.212],[-3.001,51.22],[-2.601,51.666],[-2.666,51.617]]],[[[-7.249,55.07],[-6.1,55.212],[-5.438,54.488],[-6.039,54.037],[-6.269,54.098],[-6.615,54.037],[-7.018,54.413],[-7.31,54.114],[-7.835,54.204],[-8.174,54.462],[-7.544,54.741],[-7.249,55.07]]],[[[-6.953,57.743],[-7.033,58.245],[-6.244,58.511],[-6.352,58.039],[-6.892,57.767],[-6.953,57.743]]],[[[-6.565,57.346],[-6.313,57.703],[-5.935,57.041],[-6.561,57.358],[-6.565,57.346]]],[[[-5.69,56.434],[-6.327,56.277],[-6.057,56.641],[-5.668,56.433],[-5.69,56.434]]]]}},{"type":"Feature","properties":{"name":"Equatorial Guinea"},"geometry":{"type":"MultiPolygon","coordinates":[[[[9.801,2.341],[9.823,2.25],[9.992,2.165],[11.32,2.165],[11.331,2.128],[11.335,0.999],[10.028,1.004],[9.959,0.928],[9.805,0.999],[9.848,1.073],[9.7,1.125],[9.585,1.042],[9.542,1.125],[9.347,1.181],[9.466,1.414],[9.614,1.588],[9.617,1.672],[9.797,1.902],[9.765,2.086],[9.801,2.341]]],[[[8.923,3.751],[8.944,3.614],[8.696,3.209],[8.451,3.273],[8.473,3.464],[8.563,3.457],[8.703,3.761],[8.915,3.753],[8.923,3.751]]]]}},{"type":"Feature","properties":{"name":"Eritrea"},"geometry":{"type":"Polygon","coordinates":[[[43.119,12.707],[42.9,12.616],[42.677,12.359],[42.522,12.496],[42.378,12.466],[41.751,13.209],[41.222,13.587],[40.772,14.149],[40.106,14.467],[39.077,14.637],[38.414,14.426],[37.892,14.88],[37.565,14.117],[37.295,14.458],[36.528,14.264],[36.423,15.112],[36.945,16.253],[36.999,17.072],[37.403,17.03],[37.507,17.319],[38.209,17.523],[38.601,18.004],[38.929,17.396],[39.235,16.108],[39.775,15.071],[39.876,15.503],[40.286,14.914],[41.157,14.642],[41.676,13.94],[42.288,13.575],[42.774,12.862],[43.119,12.707]]]}},{"type":"Feature","properties":{"name":"Estonia"},"geometry":{"type":"MultiPolygon","coordinates":[[[[24.306,57.868],[24.561,58.312],[24.327,58.388],[24.082,58.251],[23.733,58.351],[23.517,58.555],[23.424,58.908],[23.47,59.212],[24.093,59.312],[24.021,59.378],[24.687,59.496],[25.407,59.491],[25.486,59.67],[25.706,59.568],[26.001,59.633],[26.937,59.45],[27.873,59.408],[28.017,59.482],[28.186,59.374],[27.884,59.276],[27.697,58.977],[27.409,58.755],[27.556,58.395],[27.495,58.221],[27.787,57.848],[27.524,57.807],[27.351,57.527],[26.854,57.623],[26.498,57.515],[26.001,57.846],[25.263,58.076],[24.306,57.868]]],[[[23.229,58.505],[22.758,58.243],[22.203,58.148],[21.868,58.265],[22.214,58.547],[22.585,58.635],[23.19,58.51],[23.229,58.505]]],[[[22.293,58.895],[22.599,59.089],[23.042,58.841],[22.556,58.687],[22.326,58.896],[22.293,58.895]]]]}},{"type":"Feature","properties":{"name":"Ethiopia"},"geometry":{"type":"Polygon","coordinates":[[[34.069,9.455],[34.587,10.88],[34.933,10.845],[35.041,11.748],[35.624,12.586],[36.125,12.721],[36.528,14.264],[37.295,14.458],[37.565,14.117],[37.892,14.88],[38.414,14.426],[39.077,14.637],[40.106,14.467],[40.772,14.149],[41.222,13.587],[41.751,13.209],[42.378,12.466],[41.935,11.827],[41.809,11.736],[41.748,11.539],[41.798,10.971],[42.392,11.007],[42.615,11.089],[42.77,10.997],[42.925,10.998],[42.648,10.632],[42.835,10.208],[43.188,9.884],[43.418,9.413],[44.023,8.985],[46.921,8.026],[47.979,7.996],[46.424,6.497],[44.941,4.911],[43.969,4.953],[43.119,4.648],[42.788,4.286],[42.137,4.2],[41.885,3.977],[41.114,3.962],[40.765,4.284],[39.847,3.867],[39.537,3.405],[38.101,3.612],[36.845,4.433],[36.042,4.443],[35.919,4.619],[35.804,5.318],[35.322,5.348],[34.983,5.841],[34.735,6.638],[33.716,7.657],[33.057,7.798],[33.173,8.405],[33.972,8.445],[34.112,8.626],[34.069,9.455]]]}},{"type":"Feature","properties":{"name":"Falkland Islands"},"geometry":{"type":"MultiPolygon","coordinates":[[[[-57.815,-51.694],[-58.146,-51.783],[-58.42,-51.893],[-58.758,-51.891],[-58.952,-51.802],[-58.938,-51.876],[-58.783,-51.957],[-58.661,-51.955],[-58.643,-52.107],[-58.859,-52.04],[-58.927,-52.102],[-59.132,-51.987],[-59.186,-52.03],[-59.05,-52.212],[-59.222,-52.207],[-59.366,-52.116],[-59.489,-52.285],[-59.716,-52.119],[-59.572,-52.057],[-59.633,-52.006],[-59.489,-51.935],[-59.489,-51.846],[-59.208,-51.707],[-59.071,-51.685],[-58.988,-51.803],[-58.992,-51.646],[-59.168,-51.574],[-59.111,-51.501],[-59.028,-51.584],[-59.014,-51.493],[-59.1,-51.413],[-58.873,-51.371],[-58.938,-51.283],[-58.61,-51.344],[-58.481,-51.302],[-58.344,-51.368],[-58.448,-51.447],[-58.42,-51.55],[-58.171,-51.611],[-58.29,-51.494],[-58.229,-51.393],[-57.905,-51.376],[-57.804,-51.55],[-58.013,-51.508],[-58.096,-51.577],[-57.782,-51.619],[-57.84,-51.694],[-57.815,-51.694]]],[[[-59.633,-51.741],[-59.87,-51.949],[-59.996,-51.994],[-60.277,-51.994],[-60.266,-52.082],[-60.371,-52.16],[-60.594,-52.237],[-61.037,-52.046],[-60.742,-52.009],[-60.846,-51.955],[-60.54,-51.999],[-60.436,-51.955],[-60.421,-51.771],[-60.338,-51.859],[-60.306,-51.756],[-60.551,-51.79],[-60.626,-51.67],[-60.461,-51.7],[-60.191,-51.653],[-60.49,-51.526],[-60.425,-51.45],[-60.623,-51.412],[-60.605,-51.344],[-60.324,-51.454],[-60.155,-51.488],[-60.018,-51.374],[-59.762,-51.42],[-59.392,-51.434],[-59.42,-51.337],[-59.255,-51.388],[-59.388,-51.591],[-59.59,-51.69],[-59.633,-51.741]]]]}},{"type":"Feature","properties":{"name":"Faroe Islands","tiny":true},"geometry":{"type":"Polygon","coordinates":[[[-7.291,62.184],[-7.31,62.204],[-7.269,62.266],[-7.274,62.316],[-7.251,62.359],[-7.1,62.335],[-7.068,62.287],[-7.005,62.231],[-7.005,62.2],[-6.812,62.136],[-6.849,62.104],[-6.771,62.1],[-6.74,62.044],[-6.812,62.044],[-6.766,62.025],[-6.685,62.026],[-6.648,62.01],[-6.666,61.957],[-6.626,61.943],[-6.629,61.896],[-6.671,61.888],[-6.749,61.935],[-6.826,61.96],[-6.894,62.014],[-6.959,62.032],[-6.986,62.087],[-7.05,62.115],[-7.168,62.128],[-7.173,62.172],[-7.233,62.157],[-7.279,62.177],[-7.291,62.184]]]}},{"type":"Feature","properties":{"name":"Fiji"},"geometry":{"type":"MultiPolygon","coordinates":[[[[-180,-16.169],[180,-16.169],[179.478,-16.698],[178.693,-16.987],[178.607,-16.642],[180,-16.149],[-180,-16.169]]],[[[-180,-16.963],[180,-16.965],[180,-16.786],[-180,-16.963]]],[[[-180,-16.541],[180,-16.541],[180,-16.49],[-180,-16.541]]],[[[178.711,-17.991],[178.168,-18.248],[177.336,-18.106],[177.39,-17.64],[178.261,-17.336],[178.704,-17.991],[178.711,-17.991]]]]}},{"type":"Feature","properties":{"name":"Finland"},"geometry":{"type":"Polygon","coordinates":[[[28.953,69.028],[28.446,68.515],[28.665,68.204],[29.299,68.082],[30.008,67.685],[29.101,66.991],[29.09,66.838],[29.875,66.134],[30.098,65.656],[29.58,65.235],[29.587,64.992],[30.188,64.663],[30.033,64.396],[30.588,64.085],[29.979,63.741],[31.225,63.196],[31.571,62.905],[31.221,62.491],[29.202,61.245],[27.808,60.553],[25.67,60.364],[25.504,60.246],[23.773,59.969],[22.995,60.062],[22.876,60.301],[21.642,60.496],[21.318,60.865],[21.537,61.651],[21.235,61.985],[21.339,62.356],[21.08,62.679],[21.498,63.209],[22.372,63.321],[22.588,63.704],[23.352,63.898],[24.669,64.83],[25.26,64.817],[25.353,65.484],[24.162,65.823],[23.676,66.475],[24,66.812],[23.431,67.486],[23.661,67.932],[22.808,68.395],[22.074,68.477],[20.623,69.036],[21.663,69.263],[22.43,68.71],[23.197,68.618],[23.928,68.817],[24.86,68.564],[25.652,68.883],[25.962,69.653],[26.502,69.918],[27.898,70.071],[28.406,69.803],[29.13,69.675],[29.346,69.464],[28.953,69.028]]]}},{"type":"Feature","properties":{"name":"France"},"geometry":{"type":"MultiPolygon","coordinates":[[[[2.522,51.087],[2.619,50.817],[2.885,50.697],[3.105,50.785],[3.271,50.526],[3.645,50.445],[3.663,50.318],[4.023,50.339],[4.203,50.253],[4.138,49.974],[4.466,49.935],[4.873,50.139],[4.783,49.959],[4.948,49.797],[5.477,49.494],[5.791,49.538],[5.841,49.5],[5.927,49.483],[5.96,49.442],[6.064,49.449],[6.136,49.494],[6.248,49.491],[6.345,49.456],[6.842,49.211],[8.199,48.957],[7.81,48.615],[7.573,48.095],[7.587,47.585],[7.407,47.438],[7.011,47.499],[6.957,47.245],[6.442,46.945],[6.431,46.769],[6.133,46.595],[6.136,46.359],[5.981,46.141],[6.28,46.241],[6.302,46.394],[6.788,46.414],[6.773,46.134],[7.022,45.925],[6.802,45.827],[7.162,45.411],[6.604,45.104],[6.982,44.847],[6.982,44.241],[7.655,44.175],[7.501,43.792],[7.436,43.743],[7.425,43.755],[7.407,43.763],[7.389,43.758],[7.371,43.747],[7.367,43.735],[7.367,43.723],[6.68,43.201],[5.855,43.044],[5.341,43.335],[3.955,43.541],[3.112,43.107],[3.181,42.431],[2.05,42.352],[1.708,42.502],[1.723,42.549],[1.766,42.563],[1.751,42.576],[1.712,42.59],[1.723,42.61],[1.607,42.619],[1.543,42.649],[1.499,42.641],[1.467,42.642],[1.453,42.602],[1.431,42.595],[0.657,42.838],[-0.038,42.684],[-1.348,43.093],[-1.795,43.385],[-1.478,43.579],[-1.172,44.778],[-1.111,46.259],[-1.805,46.504],[-1.989,47.036],[-2.774,47.629],[-3.073,47.576],[-3.962,47.9],[-4.372,47.808],[-4.685,48.068],[-4.721,48.567],[-3.515,48.843],[-2.619,48.544],[-1.553,48.746],[-1.618,49.238],[-1.935,49.724],[-1.273,49.699],[-1.071,49.397],[-0.218,49.28],[0.412,49.452],[0.171,49.692],[1.172,49.96],[1.55,50.27],[1.582,50.869],[2.522,51.087]],[[1.982,42.441],[1.96,42.443],[1.982,42.441],[1.982,42.441]]],[[[-54.614,2.326],[-54.359,2.508],[-53.988,3.611],[-54.355,4.041],[-54.456,5.009],[-54.172,5.348],[-53.945,5.745],[-52.994,5.458],[-51.997,4.653],[-51.684,4.04],[-52.35,3.065],[-52.591,2.505],[-52.958,2.175],[-53.747,2.365],[-54.11,2.115],[-54.614,2.326]]],[[[8.566,42.208],[8.804,42.607],[9.293,42.674],[9.423,43.017],[9.545,42.104],[9.221,41.372],[8.797,41.556],[8.577,42.205],[8.566,42.208]]]]}},{"type":"Feature","properties":{"name":"French Polynesia","tiny":true},"geometry":{"type":"Polygon","coordinates":[[[-149.102,-17.749],[-149.052,-17.848],[-149.062,-17.909],[-149.112,-17.942],[-149.231,-17.906],[-149.312,-17.79],[-149.322,-17.74],[-149.472,-17.79],[-149.522,-17.787],[-149.662,-17.749],[-149.687,-17.667],[-149.737,-17.569],[-149.727,-17.503],[-149.687,-17.463],[-149.566,-17.426],[-149.441,-17.431],[-149.337,-17.484],[-149.302,-17.565],[-149.302,-17.684],[-149.266,-17.724],[-149.212,-17.738],[-149.102,-17.749]]]}},{"type":"Feature","properties":{"name":"French Southern and Antarctic Lands"},"geometry":{"type":"Polygon","coordinates":[[[70.548,-49.183],[70.555,-49.267],[70.465,-49.357],[70.311,-49.379],[70.465,-49.439],[70.289,-49.439],[70.242,-49.36],[69.821,-49.35],[69.814,-49.453],[69.691,-49.404],[69.814,-49.532],[70.138,-49.618],[70.048,-49.52],[70.296,-49.53],[70.325,-49.574],[70.167,-49.618],[70.275,-49.654],[70.123,-49.713],[69.857,-49.679],[69.778,-49.52],[69.637,-49.505],[69.716,-49.581],[69.662,-49.666],[69.144,-49.514],[69.151,-49.623],[68.982,-49.721],[68.831,-49.718],[68.777,-49.593],[68.903,-49.431],[68.924,-49.323],[68.834,-49.304],[68.809,-49.206],[68.932,-49.145],[68.802,-49.132],[68.813,-48.965],[68.903,-48.975],[68.791,-48.847],[68.896,-48.823],[68.957,-48.671],[69.076,-48.659],[69.115,-48.727],[68.906,-48.894],[69.151,-48.754],[69.162,-48.847],[69,-49.09],[69.068,-49.11],[69.104,-48.994],[69.216,-49.122],[69.439,-49.014],[69.472,-49.081],[69.59,-48.953],[69.569,-49.049],[69.644,-49.125],[69.4,-49.113],[69.382,-49.183],[69.533,-49.247],[69.727,-49.247],[69.583,-49.303],[69.713,-49.308],[69.954,-49.159],[70.091,-49.122],[70.195,-49.157],[70.275,-49.076],[70.408,-49.056],[70.53,-49.145],[70.548,-49.183]]]}},{"type":"Feature","properties":{"name":"Gabon"},"geometry":{"type":"Polygon","coordinates":[[[13.293,2.16],[13.131,1.593],[13.25,1.221],[13.794,1.434],[14.251,1.331],[14.467,0.912],[13.873,0.196],[13.83,-0.205],[14.499,-0.631],[14.406,-1.892],[14.082,-2.5],[13.743,-2.097],[13.459,-2.441],[13.012,-2.341],[12.818,-1.943],[12.422,-1.897],[12.458,-2.33],[11.565,-2.33],[11.839,-3.711],[11.482,-3.51],[11.115,-3.937],[10.636,-3.314],[9.902,-2.701],[9.254,-1.835],[9.157,-1.396],[8.717,-0.66],[9.005,-0.805],[9.308,-0.332],[9.315,0.625],[9.643,0.598],[9.805,0.999],[9.959,0.928],[10.028,1.004],[11.335,0.999],[11.331,2.128],[11.32,2.165],[11.353,2.3],[13.286,2.243],[13.293,2.16]]]}},{"type":"Feature","properties":{"name":"Gambia"},"geometry":{"type":"Polygon","coordinates":[[[-16.753,13.065],[-16.828,13.339],[-16.677,13.496],[-16.548,13.29],[-16.418,13.256],[-16.227,13.342],[-16.162,13.428],[-15.993,13.413],[-15.77,13.465],[-16.177,13.442],[-16.321,13.342],[-16.522,13.359],[-16.562,13.587],[-15.518,13.583],[-15.468,13.708],[-15.349,13.789],[-15.244,13.747],[-15.097,13.82],[-14.917,13.793],[-14.73,13.619],[-14.586,13.661],[-14.348,13.452],[-14.002,13.577],[-13.819,13.43],[-13.851,13.335],[-14.132,13.276],[-14.2,13.229],[-14.395,13.242],[-14.593,13.354],[-15.014,13.496],[-15.136,13.59],[-15.226,13.425],[-15.378,13.362],[-15.518,13.386],[-15.824,13.32],[-15.828,13.161],[-16.674,13.165],[-16.753,13.065]]]}},{"type":"Feature","properties":{"name":"Georgia"},"geometry":{"type":"Polygon","coordinates":[[[39.987,43.389],[40.232,43.576],[40.653,43.539],[41.579,43.215],[42.425,43.23],[43.001,43.098],[43.195,42.928],[43.8,42.747],[43.958,42.554],[44.271,42.703],[44.858,42.759],[45.355,42.521],[45.697,42.507],[45.621,42.225],[46.431,41.891],[46.194,41.61],[46.694,41.269],[46.496,41.045],[46.212,41.2],[45.251,41.445],[45.002,41.29],[44.552,41.177],[44.192,41.231],[43.731,41.107],[43.44,41.107],[42.821,41.572],[42.439,41.431],[41.521,41.514],[41.773,41.813],[41.424,42.74],[41.024,42.99],[40.362,43.166],[39.987,43.389]]]}},{"type":"Feature","properties":{"name":"Germany"},"geometry":{"type":"Polygon","coordinates":[[[13.815,48.767],[13.718,48.522],[12.739,48.113],[13.038,47.493],[12.76,47.667],[12.177,47.698],[11.259,47.401],[10.413,47.573],[10.305,47.303],[9.769,47.588],[9.549,47.534],[9.272,47.651],[8.883,47.656],[8.602,47.794],[8.354,47.581],[7.587,47.585],[7.573,48.095],[7.81,48.615],[8.199,48.957],[6.842,49.211],[6.345,49.456],[6.352,49.567],[6.417,49.67],[6.493,49.7],[6.493,49.8],[6.413,49.805],[6.237,49.876],[6.161,49.942],[6.097,50.048],[6.118,50.121],[6.363,50.307],[6.338,50.481],[5.996,50.751],[6.194,51.509],[5.938,51.732],[6.125,51.897],[6.381,51.828],[6.745,51.909],[6.676,52.034],[7.025,52.23],[6.975,52.451],[6.741,52.453],[6.77,52.64],[7.018,52.627],[7.195,53.245],[7.227,53.667],[7.951,53.723],[8.566,53.547],[8.627,53.89],[8.984,53.897],[8.627,54.388],[9.013,54.506],[8.66,54.896],[9.437,54.81],[9.916,54.792],[10.125,54.496],[10.777,54.315],[10.752,54.043],[11.457,53.907],[11.659,54.141],[13.009,54.439],[14.265,53.701],[14.402,53.279],[14.125,52.851],[14.643,52.576],[14.762,52.076],[14.586,51.804],[15.021,51.273],[14.809,50.859],[14.568,50.984],[13.448,50.597],[12.512,50.389],[12.246,50.045],[12.382,49.743],[13.815,48.767]]]}},{"type":"Feature","properties":{"name":"Ghana"},"geometry":{"type":"Polygon","coordinates":[[[-0.167,11.135],[0.002,11.086],[-0.099,10.654],[0.398,10.284],[0.229,9.576],[0.538,9.377],[0.365,8.774],[0.711,8.298],[0.574,8.204],[0.614,7.699],[0.502,7.576],[0.646,7.302],[0.517,6.841],[0.765,6.419],[1.186,6.1],[0.988,5.821],[0.365,5.782],[-0.801,5.215],[-1.633,5.012],[-1.982,4.752],[-3.119,5.092],[-3.116,5.109],[-2.842,5.149],[-3.263,6.616],[-2.943,7.577],[-2.507,8.209],[-2.687,9.489],[-2.839,10.998],[-0.704,10.995],[-0.167,11.135]]]}},{"type":"Feature","properties":{"name":"Gibraltar","tiny":true},"geometry":{"type":"Polygon","coordinates":[[[-5.599,36.469],[-5.097,36.469],[-5.188,36.195],[-5.188,35.784],[-5.416,35.966],[-5.599,36.469]]]}},{"type":"Feature","properties":{"name":"Greece"},"geometry":{"type":"MultiPolygon","coordinates":[[[[20.965,40.849],[21.58,40.866],[21.778,40.933],[21.908,41.097],[22.182,41.16],[22.423,41.114],[22.729,41.166],[22.779,41.335],[22.916,41.335],[23.611,41.371],[24.511,41.562],[25.285,41.239],[26.12,41.357],[26.048,41.69],[26.332,41.713],[26.635,41.399],[26.044,40.739],[25.04,41.006],[23.69,40.695],[23.924,40.369],[23.337,40.209],[22.822,40.503],[22.549,40.143],[23.344,39.179],[22.704,38.851],[24.068,38.205],[24.072,37.69],[23.226,37.973],[23.262,37.401],[22.74,37.582],[23.197,36.433],[22.765,36.805],[22.354,36.513],[22.156,37.014],[21.876,36.727],[21.552,37.561],[21.112,37.843],[21.375,38.22],[21.955,38.336],[22.866,37.94],[23.215,38.161],[21.958,38.412],[21.156,38.304],[20.688,39.073],[20,39.694],[20.184,39.637],[20.392,39.836],[20.299,39.988],[20.648,40.094],[20.839,40.472],[21.015,40.548],[20.965,40.849]]],[[[26.322,35.315],[26.242,35.039],[24.738,34.932],[24.72,35.094],[23.586,35.239],[23.604,35.613],[24.183,35.586],[24.273,35.364],[24.972,35.425],[25.728,35.133],[26.293,35.315],[26.322,35.315]]],[[[24.586,38.159],[24.37,37.972],[24.039,38.395],[23.143,38.851],[24.154,38.652],[24.496,38.146],[24.586,38.159]]],[[[28.24,36.433],[27.78,35.89],[27.682,36.158],[28.24,36.438],[28.24,36.433]]],[[[26.613,39.049],[25.836,39.179],[26.343,39.383],[26.599,39.057],[26.613,39.049]]]]}},{"type":"Feature","properties":{"name":"Greenland"},"geometry":{"type":"MultiPolygon","coordinates":[[[[-40.877,65.097],[-41.075,64.888],[-40.401,64.416],[-41.525,64.327],[-40.711,64.158],[-40.527,63.697],[-41.24,63.403],[-41.906,63.456],[-41.489,63.238],[-41.751,62.844],[-43.087,62.694],[-42.367,62.556],[-42.119,62.007],[-42.576,61.198],[-42.864,61.071],[-42.867,60.58],[-43.429,60.484],[-43.137,60.08],[-44.142,60.183],[-44.592,59.989],[-45.207,60.176],[-44.772,60.656],[-45.596,60.484],[-46.093,60.984],[-47.688,61.012],[-49.045,61.397],[-48.951,61.586],[-50.32,62.505],[-50.143,62.939],[-50.593,63.231],[-51,63.165],[-51.655,64.015],[-50.449,64.136],[-50.334,64.351],[-51.439,64.082],[-50.698,64.452],[-50.665,64.852],[-51.252,64.761],[-51.662,64.308],[-52.073,64.192],[-52.156,64.678],[-51.274,65.033],[-52.184,64.803],[-52.066,65.279],[-52.793,65.534],[-52.692,65.72],[-53.664,66.139],[-53.635,66.502],[-53.203,66.748],[-52.339,66.818],[-53.646,66.912],[-53.966,67.078],[-52.148,67.371],[-53.876,67.235],[-53.783,67.431],[-52.408,67.77],[-51.756,67.633],[-50.266,67.844],[-51.324,67.824],[-51.702,67.701],[-52.343,67.822],[-53.668,67.503],[-53.689,67.812],[-53.153,68.201],[-51.932,68.047],[-51.216,68.07],[-51.648,68.275],[-52.444,68.182],[-52.588,68.351],[-53.34,68.271],[-51.965,68.587],[-51.148,68.564],[-51.079,69.133],[-50.248,68.964],[-50.471,69.305],[-50.914,69.173],[-50.593,69.928],[-52.321,70.051],[-53.232,70.353],[-54.02,70.413],[-54.539,70.656],[-53.981,70.83],[-52.451,70.703],[-51.551,70.431],[-50.993,70.424],[-50.687,70.706],[-51.832,71.069],[-52.426,71.152],[-52.289,71.35],[-52.991,71.421],[-51.781,71.603],[-54.082,71.718],[-53.952,71.438],[-55.288,71.382],[-55.903,71.682],[-55.27,71.927],[-55.55,72.039],[-54.884,72.251],[-55.46,72.527],[-55.01,72.522],[-54.604,72.834],[-55.471,73.109],[-55.248,73.393],[-56.36,74.084],[-56.123,74.279],[-56.472,74.649],[-57.16,74.739],[-57.084,74.924],[-58.132,75.108],[-58.448,75.732],[-59.816,75.819],[-60.122,76.032],[-60.871,76.159],[-63.478,76.377],[-64.032,76.137],[-64.698,76.125],[-66.206,76.279],[-66.415,76.086],[-66.926,76.267],[-67.308,76.164],[-66.487,75.948],[-68.431,76.079],[-69.637,76.383],[-67.985,76.684],[-68.91,76.665],[-70.408,76.797],[-71.347,76.991],[-70.905,77.192],[-69.104,77.275],[-68.37,77.376],[-66.772,77.356],[-66.124,77.434],[-66.282,77.618],[-67.142,77.672],[-67.592,77.525],[-69.223,77.452],[-70.289,77.575],[-69.518,77.687],[-70.674,77.68],[-70.264,77.815],[-71.311,77.77],[-72.895,78.155],[-72.589,78.521],[-69.36,78.8],[-69.032,78.98],[-66.98,79.153],[-65.976,79.104],[-64.86,79.507],[-65.306,80.097],[-65.864,80.012],[-67.049,80.061],[-67.456,80.343],[-66.757,80.552],[-65.526,80.664],[-64.752,80.997],[-62.977,81.228],[-61.544,81.066],[-61.076,81.12],[-61.296,81.371],[-60.842,81.525],[-61.454,81.745],[-60.068,81.947],[-58.484,81.88],[-59.467,82.003],[-58.61,82.106],[-54.442,82.373],[-53.556,82.116],[-53.794,81.555],[-52.93,81.864],[-52.926,82.04],[-51.385,81.905],[-49.83,81.871],[-49.466,81.947],[-50.582,82.153],[-51.108,82.51],[-49.013,82.454],[-48.735,82.358],[-46.007,82.037],[-45.157,81.79],[-44.304,81.814],[-44.941,82.043],[-43.728,82.407],[-45.747,82.776],[-42.047,82.756],[-41.615,82.479],[-41.579,82.748],[-40.229,82.567],[-39.951,82.694],[-40.977,82.775],[-45.636,82.878],[-46.845,82.976],[-46.039,83.097],[-45.121,82.987],[-44.646,83.175],[-42.119,83.242],[-40.689,82.986],[-37.273,83.009],[-38.785,83.068],[-36.935,83.141],[-38.861,83.256],[-38.691,83.425],[-36.74,83.538],[-35.243,83.538],[-32.492,83.634],[-30.649,83.602],[-25.648,83.298],[-26.077,83.209],[-30.735,83.138],[-33.05,83.003],[-35.57,82.92],[-31.826,82.994],[-30.098,83.126],[-27.38,83.06],[-25.22,83.168],[-24.752,82.998],[-25.148,82.852],[-23.996,82.916],[-21.339,82.626],[-22.437,82.341],[-23.888,82.278],[-29.853,82.14],[-32.78,81.841],[-32.147,81.682],[-31.679,81.834],[-27.762,82.062],[-24.619,81.988],[-24.705,81.782],[-26.314,81.616],[-26.386,81.427],[-23.766,81.746],[-23.226,82.011],[-21.39,82.084],[-21.026,81.772],[-21.256,81.518],[-23.107,80.922],[-21.958,81.022],[-19.852,81.544],[-19.006,81.596],[-17.559,81.393],[-16.486,81.75],[-15.792,81.832],[-13.92,81.812],[-12.026,81.637],[-11.396,81.461],[-13.354,81.02],[-14.553,80.99],[-14.294,80.784],[-15.421,80.649],[-17.062,80.662],[-18.592,80.573],[-18.056,80.492],[-16.897,80.583],[-15.788,80.404],[-16.447,80.22],[-17.872,80.161],[-19.474,80.26],[-20.353,79.885],[-19.968,79.679],[-19.208,79.708],[-18.956,79.149],[-19.91,79.018],[-20.889,78.627],[-21.966,77.678],[-21.292,77.675],[-20.961,77.971],[-18.978,77.616],[-19.359,77.527],[-20.022,77.692],[-20.821,77.653],[-20.464,77.383],[-18.326,77.209],[-18.628,76.701],[-19.064,76.838],[-20.515,76.946],[-21.732,76.657],[-22.264,76.86],[-22.646,76.746],[-21.674,76.527],[-21.703,76.255],[-19.939,76.258],[-20.27,75.992],[-19.345,75.733],[-19.402,75.252],[-20.562,75.198],[-20.792,74.666],[-19.006,74.499],[-19.374,74.268],[-20.202,74.279],[-20.356,74.445],[-21.771,74.438],[-22.174,74.112],[-20.367,73.896],[-20.544,73.449],[-21.544,73.491],[-22.315,73.251],[-23.989,73.597],[-25.292,73.474],[-26.149,73.241],[-25.051,73.084],[-25.522,72.841],[-24.698,72.675],[-24.547,72.424],[-23.809,72.135],[-22.524,71.915],[-23.06,71.713],[-21.894,71.743],[-22.448,71.581],[-21.667,71.402],[-21.807,71.085],[-21.544,70.71],[-21.692,70.429],[-23.344,70.441],[-23.931,70.613],[-24.194,71.012],[-24.684,71.289],[-25.598,71.53],[-26.786,71.547],[-27.88,71.98],[-28.456,71.939],[-27.33,71.719],[-27.65,71.613],[-26.689,71.481],[-25.728,71.475],[-25.602,71.169],[-26.426,70.975],[-28.41,70.968],[-27.92,70.882],[-28.233,70.372],[-26.743,70.483],[-27.906,70.092],[-27.308,69.977],[-26.844,70.261],[-26.325,70.198],[-25.306,70.413],[-23.56,70.114],[-22.077,70.131],[-23.812,69.513],[-25.076,69.301],[-25.213,69.065],[-26.286,68.695],[-27.218,68.543],[-28.021,68.564],[-29.191,68.263],[-29.853,68.415],[-30.008,68.126],[-31.693,68.099],[-32.255,68.42],[-31.995,68.05],[-33.338,67.564],[-33.367,67.248],[-34.796,66.316],[-35.588,66.289],[-36.074,65.936],[-36.521,65.99],[-37.212,65.776],[-37.799,66.049],[-38.22,65.646],[-39.422,65.541],[-39.656,65.686],[-40.283,65.001],[-40.848,65.097],[-40.877,65.097]]],[[[-52.904,69.345],[-53.552,69.236],[-54.204,69.452],[-53.405,69.44],[-54.992,69.702],[-54.83,70.201],[-54.452,70.313],[-53.264,70.201],[-52.728,69.928],[-51.997,69.805],[-52.141,69.477],[-52.89,69.352],[-52.904,69.345]]],[[[-44.531,82.413],[-45.071,82.222],[-44.736,82.099],[-46.874,82.359],[-47.699,82.645],[-46.323,82.678],[-44.829,82.476],[-44.531,82.413]]],[[[-21.948,72.429],[-22.25,72.121],[-24.378,72.613],[-24.486,72.827],[-23.146,72.841],[-21.948,72.435],[-21.948,72.429]]],[[[-25.317,70.747],[-26.07,70.531],[-28.068,70.431],[-27.963,70.632],[-27.067,70.894],[-25.702,71.086],[-25.321,70.762],[-25.317,70.747]]],[[[-24.525,73.048],[-25.702,73.183],[-25.245,73.411],[-24.46,73.425],[-23.258,73.221],[-24.972,73.325],[-22.981,73.108],[-24.468,73.037],[-24.525,73.048]]],[[[-21.93,72.738],[-22.653,72.699],[-23.164,72.878],[-24.525,72.902],[-23.24,73.075],[-21.901,72.917],[-21.933,72.739],[-21.93,72.738]]],[[[-18.765,79.973],[-17.739,80.091],[-17.278,80.014],[-17.836,79.742],[-18.484,79.686],[-19.359,79.87],[-18.769,79.99],[-18.765,79.973]]],[[[-17.318,75.135],[-17.354,75.026],[-18.891,74.999],[-18.852,75.294],[-18.096,75.419],[-17.815,75.088],[-17.358,75.154],[-17.318,75.135]]],[[[-53.275,82.172],[-52.786,82.317],[-51.23,82.015],[-52.105,81.996],[-53.257,82.165],[-53.275,82.172]]],[[[-20.353,74.252],[-21.267,74.089],[-21.933,74.208],[-21.246,74.457],[-20.407,74.273],[-20.353,74.252]]],[[[-18.549,76.054],[-19.107,76.473],[-18.726,76.691],[-18.564,76.068],[-18.549,76.054]]],[[[-38.835,83.175],[-40.628,83.271],[-40.488,83.366],[-39.156,83.197],[-38.835,83.175]]],[[[-19.809,74.891],[-20.137,74.7],[-20.68,74.821],[-20.338,75.054],[-19.993,74.924],[-19.809,74.891]]],[[[-40.142,64.487],[-40.499,64.504],[-40.869,64.904],[-40.175,64.509],[-40.142,64.487]]],[[[-51.223,69.914],[-50.669,69.83],[-51.245,69.538],[-51.216,69.909],[-51.223,69.914]]]]}},{"type":"Feature","properties":{"name":"Grenada","tiny":true},"geometry":{"type":"Polygon","coordinates":[[[-61.453,12.397],[-61.421,12.309],[-61.432,12.159],[-61.474,12.074],[-61.453,12.006],[-61.494,11.95],[-61.506,11.895],[-61.632,11.833],[-61.673,11.827],[-61.697,11.777],[-61.791,11.815],[-61.876,11.777],[-61.97,11.792],[-61.856,11.877],[-61.844,11.915],[-61.876,12.024],[-61.803,12.209],[-61.791,12.259],[-61.621,12.462],[-61.494,12.462],[-61.432,12.418],[-61.453,12.397]]]}},{"type":"Feature","properties":{"name":"Guam","tiny":true},"geometry":{"type":"Polygon","coordinates":[[[144.951,13.771],[145,13.711],[145.067,13.7],[145.042,13.635],[144.988,13.561],[144.825,13.441],[144.781,13.399],[144.758,13.33],[144.739,13.174],[144.697,13.111],[144.606,13.108],[144.564,13.174],[144.552,13.239],[144.515,13.273],[144.552,13.359],[144.509,13.419],[144.564,13.433],[144.781,13.561],[144.825,13.623],[144.86,13.737],[144.891,13.776],[144.946,13.793],[144.951,13.771]]]}},{"type":"Feature","properties":{"name":"Guatemala"},"geometry":{"type":"Polygon","coordinates":[[[-89.362,14.416],[-89.599,14.328],[-89.531,14.225],[-89.664,14.19],[-89.761,14.029],[-89.88,14.043],[-90.1,13.859],[-90.1,13.732],[-90.5,13.894],[-91.317,13.955],[-92.246,14.546],[-92.073,15.074],[-92.206,15.289],[-91.724,16.069],[-90.485,16.071],[-90.381,16.368],[-90.737,16.746],[-91.439,17.254],[-90.993,17.253],[-90.964,17.817],[-89.16,17.815],[-89.149,17.037],[-89.229,15.882],[-88.915,15.893],[-88.599,15.706],[-88.62,15.953],[-88.221,15.726],[-89.16,15.061],[-89.142,14.691],[-89.362,14.416]]]}},{"type":"Feature","properties":{"name":"Guernsey","tiny":true},"geometry":{"type":"Polygon","coordinates":[[[-2.557,49.558],[-2.474,49.586],[-2.402,49.625],[-2.315,49.645],[-2.244,49.61],[-2.331,49.503],[-2.343,49.423],[-2.375,49.336],[-2.446,49.297],[-2.501,49.309],[-2.913,49.309],[-2.929,49.324],[-2.885,49.364],[-2.842,49.368],[-2.858,49.423],[-2.842,49.443],[-2.743,49.451],[-2.557,49.558]]]}},{"type":"Feature","properties":{"name":"Guinea"},"geometry":{"type":"Polygon","coordinates":[[[-13.3,9.041],[-13.729,9.744],[-14.658,10.48],[-15.021,10.968],[-14.686,11.51],[-14.521,11.513],[-14.28,11.665],[-14.017,11.637],[-13.729,11.709],[-13.736,12.02],[-13.974,12.152],[-13.711,12.268],[-13.66,12.459],[-13.729,12.673],[-13.077,12.636],[-12.361,12.305],[-11.389,12.403],[-11.274,11.996],[-10.91,12.201],[-10.669,11.892],[-10.266,12.217],[-9.722,12.025],[-9.326,12.498],[-8.995,12.388],[-8.847,11.658],[-8.375,11.368],[-8.696,10.963],[-8.303,10.978],[-8.296,10.537],[-7.99,10.162],[-8.152,9.512],[-7.864,9.409],[-7.958,8.781],[-7.663,8.374],[-8.199,8.492],[-8.023,8.118],[-8.228,7.545],[-8.487,7.559],[-8.685,7.694],[-8.858,7.273],[-9.124,7.191],[-9.466,7.434],[-9.355,7.623],[-9.499,8.344],[-9.761,8.55],[-10.284,8.484],[-10.726,8.32],[-10.482,8.673],[-10.676,9.306],[-11.198,9.982],[-11.911,9.992],[-12.141,9.875],[-12.516,9.852],[-12.703,9.419],[-13.03,9.095],[-13.3,9.041]]]}},{"type":"Feature","properties":{"name":"Guinea Bissau"},"geometry":{"type":"Polygon","coordinates":[[[-13.729,12.673],[-13.66,12.459],[-13.711,12.268],[-13.974,12.152],[-13.736,12.02],[-13.729,11.709],[-14.017,11.637],[-14.28,11.665],[-14.521,11.513],[-14.686,11.51],[-15.021,10.968],[-15.118,10.985],[-15,11.216],[-15.23,10.995],[-15.489,11.405],[-15.406,11.535],[-15.208,11.574],[-15.241,11.694],[-15.468,11.606],[-15.55,11.733],[-15.403,11.968],[-15.831,11.748],[-15.982,11.922],[-16.126,11.885],[-16.324,11.995],[-16.306,12.214],[-16.458,12.172],[-16.728,12.332],[-16.411,12.361],[-16.234,12.452],[-15.676,12.439],[-15.194,12.68],[-13.729,12.673]]]}},{"type":"Feature","properties":{"name":"Guyana"},"geometry":{"type":"Polygon","coordinates":[[[-56.483,1.942],[-57.106,2.022],[-57.53,1.731],[-58.319,1.601],[-58.52,1.267],[-59.258,1.387],[-59.759,1.861],[-60,2.694],[-59.838,3.609],[-59.528,3.95],[-59.687,4.381],[-60.122,4.502],[-59.982,5.087],[-60.742,5.201],[-61.379,5.906],[-61.123,6.186],[-61.213,6.561],[-60.299,7.121],[-60.731,7.51],[-59.816,8.288],[-60.022,8.558],[-59.165,8.058],[-58.463,7.312],[-58.567,6.637],[-58.006,6.792],[-57.167,6.085],[-57.246,5.485],[-57.282,5.026],[-57.721,4.99],[-58.042,4.023],[-57.566,3.349],[-57.307,3.395],[-57.221,2.908],[-56.706,2.03],[-56.483,1.942]]]}},{"type":"Feature","properties":{"name":"Haiti"},"geometry":{"type":"Polygon","coordinates":[[[-71.758,19.71],[-71.639,19.212],[-71.783,18.997],[-71.743,18.712],[-72.01,18.599],[-71.913,18.431],[-71.711,18.317],[-71.776,18.04],[-72.071,18.237],[-72.557,18.22],[-72.885,18.141],[-73.309,18.251],[-73.648,18.259],[-73.875,18.026],[-74.184,18.293],[-74.332,18.286],[-74.49,18.43],[-74.418,18.617],[-74.159,18.659],[-73.651,18.501],[-73.525,18.524],[-72.715,18.438],[-72.629,18.555],[-72.345,18.546],[-72.33,18.683],[-72.55,18.786],[-72.82,19.078],[-72.697,19.446],[-73.018,19.602],[-73.41,19.635],[-73.432,19.779],[-73.165,19.938],[-72.805,19.946],[-72.028,19.699],[-71.758,19.71]]]}},{"type":"Feature","properties":{"name":"Heard Island and McDonald Islands","tiny":true},"geometry":{"type":"Polygon","coordinates":[[[73.774,-53.119],[73.867,-53.127],[73.688,-53.16],[73.589,-53.209],[73.466,-53.212],[73.423,-53.191],[73.38,-53.151],[73.32,-53.038],[73.29,-53.017],[73.222,-53.012],[73.182,-52.964],[73.256,-52.94],[73.35,-53.006],[73.393,-52.976],[73.406,-53.017],[73.482,-52.996],[73.573,-53.006],[73.653,-53.038],[73.731,-53.105],[73.774,-53.119]]]}},{"type":"Feature","properties":{"name":"Honduras"},"geometry":{"type":"Polygon","coordinates":[[[-89.362,14.416],[-89.142,14.691],[-89.16,15.061],[-88.221,15.726],[-87.724,15.922],[-86.878,15.763],[-86.338,15.782],[-85.981,16.034],[-85.488,15.87],[-84.999,15.988],[-84.293,15.811],[-83.893,15.485],[-83.922,15.248],[-83.357,15.23],[-83.13,14.997],[-84.473,14.622],[-84.793,14.821],[-85.823,13.847],[-86.097,14.044],[-86.359,13.752],[-86.766,13.746],[-86.701,13.315],[-87.036,12.979],[-87.313,12.982],[-87.623,13.467],[-87.817,13.406],[-87.702,13.815],[-87.807,13.909],[-88.015,13.867],[-88.098,13.99],[-88.498,13.852],[-88.512,13.987],[-88.692,14.011],[-88.746,14.112],[-88.959,14.185],[-89.113,14.397],[-89.362,14.416]]]}},{"type":"Feature","properties":{"name":"Hong Kong","tiny":true},"geometry":{"type":"Polygon","coordinates":[[[114.261,22.608],[114.231,22.563],[114.295,22.601],[114.325,22.545],[114.402,22.539],[114.28,22.465],[114.261,22.49],[114.172,22.461],[114.236,22.422],[114.27,22.442],[114.34,22.431],[114.325,22.453],[114.389,22.505],[114.417,22.426],[114.437,22.479],[114.491,22.445],[114.457,22.396],[114.476,22.348],[114.413,22.321],[114.378,22.379],[114.31,22.366],[114.295,22.335],[114.319,22.286],[114.368,22.254],[114.325,22.219],[114.31,22.282],[114.27,22.233],[114.212,22.283],[114.182,22.242],[114.172,22.279],[114.114,22.316],[114.099,22.348],[113.977,22.328],[113.913,22.358],[113.875,22.343],[113.83,22.362],[113.806,22.405],[113.854,22.422],[113.918,22.475],[113.943,22.515],[113.962,22.492],[113.986,22.525],[114.06,22.571],[114.148,22.582],[114.168,22.612],[114.261,22.608]]]}},{"type":"Feature","properties":{"name":"Hungary"},"geometry":{"type":"Polygon","coordinates":[[[22.876,47.946],[22.272,47.723],[21.3,46.604],[21.145,46.284],[20.241,46.109],[19.55,46.165],[18.902,45.932],[18.412,45.742],[17.869,45.773],[17.289,45.984],[16.515,46.502],[16.27,46.864],[16.094,46.862],[16.486,46.999],[16.569,47.754],[17.055,47.703],[17.149,48.005],[17.34,47.998],[17.826,47.75],[18.816,47.833],[18.837,48.041],[19.482,48.112],[19.532,48.211],[19.928,48.13],[20.274,48.252],[20.482,48.527],[21.109,48.49],[21.426,48.561],[21.728,48.341],[22.131,48.405],[22.876,47.946]]]}},{"type":"Feature","properties":{"name":"Iceland"},"geometry":{"type":"Polygon","coordinates":[[[-14.564,66.385],[-15.014,66.269],[-14.676,66.056],[-14.845,65.735],[-13.786,65.522],[-13.52,65.173],[-14.546,64.405],[-15.993,64.145],[-16.785,63.807],[-17.714,63.781],[-17.966,63.523],[-18.733,63.397],[-20.187,63.545],[-21.17,63.876],[-22.718,63.829],[-21.728,64.219],[-22.34,64.557],[-22.408,64.823],[-24.061,64.891],[-22.758,65.072],[-21.825,65.034],[-22.491,65.234],[-21.886,65.421],[-23.182,65.576],[-23.899,65.404],[-24.54,65.507],[-23.46,66.205],[-22.362,65.912],[-23.136,66.433],[-22.574,66.466],[-21.548,66.098],[-21.278,65.857],[-21.609,65.642],[-20.907,65.35],[-20.263,65.745],[-20.428,66.083],[-20.094,66.132],[-19.629,65.752],[-18.873,66.2],[-18.106,65.72],[-18.33,66.103],[-17.599,65.967],[-17.217,66.194],[-16.454,66.147],[-16.573,66.482],[-16.188,66.532],[-15.381,66.151],[-14.755,66.372],[-14.564,66.385]]]}},{"type":"Feature","properties":{"name":"India"},"geometry":{"type":"MultiPolygon","coordinates":[[[[77.799,35.496],[78.274,34.659],[78.987,34.287],[78.731,34.079],[78.781,33.553],[79.347,33.179],[79.501,32.747],[78.911,32.355],[78.382,32.528],[78.745,31.964],[78.785,31.288],[79.062,31.433],[80.178,30.559],[80.995,30.197],[80.477,29.806],[80.038,28.836],[81.147,28.372],[81.309,28.124],[82.05,27.906],[82.731,27.518],[83.854,27.345],[84.081,27.509],[84.577,27.328],[84.639,27.028],[85.83,26.567],[86.712,26.415],[87.029,26.58],[87.328,26.352],[88.008,26.369],[88.17,26.744],[87.969,27.111],[88.12,27.86],[88.818,27.995],[88.894,27.315],[88.728,27.151],[88.851,26.945],[89.185,26.81],[89.34,26.854],[89.754,26.7],[90.129,26.751],[90.384,26.891],[90.59,26.78],[91.331,26.785],[91.461,26.869],[91.702,26.803],[92.084,26.937],[91.986,27.104],[92.084,27.305],[91.976,27.472],[91.749,27.416],[91.594,27.546],[91.634,27.759],[92.663,27.94],[92.706,28.156],[93.448,28.673],[94.348,29.024],[94.629,29.319],[95.28,29.053],[96.141,29.368],[96.612,28.608],[97.325,28.217],[97.34,27.901],[96.76,27.342],[96.144,27.258],[95.039,26.476],[95.14,26.03],[94.607,25.395],[94.715,25.067],[94.1,23.843],[93.308,23.977],[93.376,23.129],[93.138,23.031],[93.167,22.386],[92.98,21.996],[92.577,21.977],[92.35,23.354],[91.936,23.723],[91.587,22.945],[91.14,23.612],[91.364,24.1],[91.878,24.157],[92.253,24.904],[92.033,25.182],[90.366,25.15],[89.819,25.285],[89.833,25.932],[88.807,26.233],[88.397,26.559],[88.073,25.908],[88.923,25.167],[88.44,25.189],[88.023,24.645],[88.75,24.223],[88.541,23.639],[89.059,22.129],[89.002,21.604],[88.181,21.685],[88.174,22.118],[87.702,21.655],[87.202,21.552],[86.838,21.175],[86.997,20.67],[86.374,19.965],[85.614,19.728],[85.463,19.902],[84.077,18.271],[83.613,18.045],[83.238,17.592],[82.299,17.03],[82.306,16.579],[81.719,16.312],[81.247,16.321],[80.995,15.784],[80.279,15.701],[80.052,15.093],[80.347,13.349],[80.157,12.474],[79.861,12.022],[79.865,10.379],[79.397,10.325],[78.979,9.668],[79.041,9.315],[78.241,8.965],[78.054,8.364],[77.511,8.075],[76.996,8.367],[76.56,8.891],[76.29,9.909],[75.531,11.694],[75.192,12.022],[74.818,12.862],[74.379,14.544],[73.914,15.08],[73.446,16.069],[73.248,17.285],[72.769,18.948],[72.651,19.841],[72.867,20.897],[72.532,21.714],[72.553,22.283],[72.15,21.994],[72.298,21.626],[72.103,21.206],[70.973,20.709],[70.059,21.15],[68.993,22.204],[70.145,22.548],[70.401,22.945],[69.727,22.754],[69.202,22.852],[68.608,23.207],[68.183,23.842],[68.723,23.965],[68.726,24.289],[69.972,24.166],[70.563,24.424],[70.757,24.232],[71.063,24.682],[70.645,25.431],[70.066,25.981],[70.159,26.53],[69.464,26.808],[69.576,27.188],[70.102,27.811],[70.509,28.029],[70.833,27.702],[71.862,27.95],[72.381,28.784],[72.903,29.022],[73.371,29.927],[73.943,30.189],[73.842,30.353],[74.508,31.156],[74.49,31.71],[75.358,32.263],[74.724,32.46],[74.685,32.832],[74.368,32.764],[74.001,33.178],[73.947,34.01],[73.774,34.372],[74.285,34.768],[75.797,34.508],[76.553,34.726],[77.05,35.111],[77.799,35.496]]],[[[93.052,13.285],[92.991,12.52],[92.62,11.875],[92.944,13.536],[93.034,13.307],[93.052,13.285]]]]}},{"type":"Feature","properties":{"name":"Indonesia"},"geometry":{"type":"MultiPolygon","coordinates":[[[[100.947,1.826],[100.886,2.299],[101.379,1.774],[102.117,1.387],[102.462,0.774],[103.391,0.531],[103.791,-0.013],[103.413,-0.217],[103.344,-0.695],[103.83,-1.073],[104.378,-1.031],[104.536,-1.854],[104.882,-2.284],[105.634,-2.416],[106.055,-3.047],[105.821,-3.672],[105.954,-3.87],[105.782,-5.828],[105.31,-5.465],[105.13,-5.788],[104.622,-5.491],[104.716,-5.921],[103.694,-4.952],[102.311,-3.991],[102.221,-3.643],[101.638,-3.25],[100.832,-2.141],[100.302,-0.817],[99.748,-0.03],[99.14,0.262],[98.754,1.535],[98.535,1.936],[97.664,2.392],[97.592,2.875],[96.76,3.749],[96.429,3.825],[95.525,4.696],[95.198,5.293],[95.414,5.649],[96.36,5.225],[97.498,5.252],[98.279,4.416],[98.265,4.178],[98.798,3.726],[99.752,3.18],[100.108,2.545],[100.922,1.834],[100.947,1.826]]],[[[140.976,-2.6],[140.976,-9.106],[139.932,-8.108],[138.837,-8.138],[139.089,-7.596],[138.56,-6.919],[138.942,-6.845],[138.466,-6.403],[138.027,-5.486],[137.282,-4.94],[136.832,-4.932],[135.972,-4.52],[135.187,-4.449],[133.642,-3.461],[133.268,-4.052],[132.901,-4.081],[132.933,-3.554],[132.202,-2.676],[132.717,-2.814],[133.034,-2.48],[133.466,-2.637],[133.988,-2.406],[133.646,-2.237],[132.346,-2.271],[131.896,-1.602],[130.96,-1.447],[131.245,-0.82],[132.098,-0.471],[132.71,-0.361],[133.39,-0.724],[133.977,-0.724],[134.283,-1.35],[134.121,-2.114],[134.463,-2.855],[134.557,-2.465],[134.985,-3.329],[135.471,-3.363],[135.91,-2.987],[136.429,-2.211],[137.228,-2.075],[137.142,-1.788],[137.793,-1.484],[138.664,-1.789],[139.863,-2.372],[140.166,-2.325],[140.976,-2.6]]],[[[117.568,4.16],[117.831,3.722],[117.201,3.616],[117.345,3.231],[118.101,2.278],[117.856,1.897],[119.005,0.963],[118.799,0.804],[117.788,0.792],[117.518,0.291],[117.442,-0.525],[116.985,-1.23],[116.539,-1.482],[116.395,-2.191],[116.607,-2.193],[115.966,-3.61],[114.623,-4.17],[114.487,-3.488],[113.633,-3.456],[113.036,-2.922],[112.525,-3.437],[111.823,-3.545],[111.736,-2.813],[110.663,-3.081],[110.264,-3.003],[110.03,-1.286],[109.734,-0.953],[109.274,-0.854],[109.101,0.244],[108.856,0.833],[109.097,1.561],[109.644,2.083],[109.641,1.637],[110.555,0.852],[111.196,1.074],[111.823,1.009],[112.179,1.449],[113.025,1.537],[113.648,1.233],[113.911,1.443],[114.501,1.436],[114.832,1.902],[114.778,2.246],[115.178,2.574],[115.066,2.829],[115.466,3.032],[115.646,4.17],[115.829,4.376],[117.215,4.354],[117.568,4.16]]],[[[119.847,-0.874],[119.793,0.196],[120.045,0.735],[120.556,0.781],[120.833,1.326],[121.453,1.297],[121.633,1.063],[123.929,0.831],[125.175,1.679],[124.898,0.973],[124.466,0.448],[123.634,0.266],[123.073,0.516],[121.802,0.426],[120.376,0.478],[119.995,-0.209],[120.088,-0.658],[120.675,-1.394],[121.107,-1.406],[121.499,-0.859],[123.454,-0.758],[123.31,-1.051],[122.813,-0.925],[122.371,-1.492],[121.539,-1.923],[122.313,-2.927],[122.201,-3.557],[122.907,-4.369],[122.108,-4.52],[121.993,-4.856],[121.485,-4.657],[121.629,-4.087],[120.895,-3.539],[121.082,-2.759],[120.776,-2.615],[120.203,-2.958],[120.409,-3.26],[120.445,-4.626],[120.322,-5.509],[119.57,-5.656],[119.354,-5.356],[119.591,-4.564],[119.498,-3.495],[118.925,-3.566],[118.807,-2.63],[119.141,-2.443],[119.336,-1.97],[119.329,-1.215],[119.725,-0.639],[119.825,-0.859],[119.847,-0.874]]],[[[109.907,-7.838],[108.874,-7.61],[108.327,-7.818],[107.412,-7.495],[106.523,-7.411],[106.541,-7.054],[105.454,-6.809],[105.825,-6.435],[106.019,-5.893],[106.988,-6.08],[107.045,-5.915],[108.093,-6.327],[108.359,-6.247],[108.604,-6.762],[110.473,-6.946],[110.671,-6.5],[111.495,-6.624],[112.067,-6.894],[112.604,-6.926],[112.762,-7.53],[113.324,-7.785],[114.015,-7.618],[114.469,-7.831],[114.357,-8.409],[114.598,-8.775],[113.324,-8.309],[112.672,-8.447],[111.707,-8.368],[110.476,-8.111],[109.932,-7.855],[109.907,-7.838]]],[[[127.666,-0.209],[127.717,0.313],[127.403,1.042],[127.555,1.693],[127.846,1.851],[128.037,1.537],[127.749,0.814],[128.458,1.546],[128.721,1.571],[128.703,1.074],[128.314,0.902],[128.861,0.244],[127.979,0.473],[127.904,-0.05],[128.433,-0.91],[127.673,-0.231],[127.666,-0.209]]],[[[130.874,-3.574],[130.816,-3.87],[129.545,-3.297],[128.876,-3.203],[128.483,-3.463],[128.174,-2.857],[129.121,-2.958],[129.542,-2.781],[130.59,-3.13],[130.863,-3.557],[130.874,-3.574]]],[[[106.768,-2.561],[106.707,-3.095],[105.987,-2.821],[105.796,-2.173],[105.155,-1.936],[105.594,-1.526],[106.041,-1.583],[106.354,-2.463],[106.75,-2.558],[106.768,-2.561]]],[[[124.451,-9.18],[124.919,-8.962],[124.948,-9.079],[125.085,-8.986],[125.143,-9.189],[124.973,-9.192],[125.06,-9.486],[124.419,-10.163],[123.469,-10.355],[123.688,-9.611],[124.03,-9.342],[124.196,-9.373],[124.257,-9.499],[124.433,-9.29],[124.451,-9.18]]],[[[119.203,-8.611],[118.465,-8.864],[117.01,-9.108],[116.729,-8.962],[116.837,-8.508],[117.557,-8.405],[117.788,-8.711],[118.285,-8.588],[117.719,-8.176],[118.997,-8.321],[119.195,-8.594],[119.203,-8.611]]],[[[123.026,-8.289],[122.849,-8.584],[121.795,-8.885],[120.923,-8.927],[119.811,-8.763],[120.214,-8.292],[120.977,-8.338],[121.51,-8.603],[122.288,-8.633],[123.022,-8.279],[123.026,-8.289]]],[[[120.794,-9.96],[120.448,-10.31],[119.959,-9.977],[118.94,-9.57],[119.944,-9.288],[120.765,-9.938],[120.794,-9.96]]],[[[138.938,-7.542],[138.906,-8.076],[138.445,-8.38],[137.638,-8.425],[138.027,-7.61],[138.805,-7.373],[138.924,-7.532],[138.938,-7.542]]],[[[127.241,-3.471],[126.698,-3.865],[126.172,-3.603],[126.017,-3.171],[126.838,-3.074],[127.245,-3.449],[127.241,-3.471]]],[[[115.621,-8.289],[115.235,-8.821],[114.454,-8.094],[115.214,-8.059],[115.567,-8.221],[115.621,-8.289]]],[[[123.148,-5.226],[122.828,-5.676],[122.569,-5.508],[123.019,-4.39],[123.206,-4.611],[123.119,-5.209],[123.148,-5.226]]],[[[97.93,0.997],[97.703,0.573],[97.127,1.382],[97.35,1.546],[97.923,1.004],[97.93,0.997]]],[[[131.698,-7.227],[131.317,-8.018],[131.09,-7.85],[131.569,-7.13],[131.713,-7.223],[131.698,-7.227]]],[[[99.273,-1.636],[98.884,-1.68],[98.592,-1.198],[98.884,-0.913],[99.276,-1.62],[99.273,-1.636]]],[[[136.375,-1.094],[135.846,-1.148],[135.37,-0.636],[135.892,-0.72],[136.317,-1.085],[136.375,-1.094]]],[[[108.294,-2.848],[108.212,-3.135],[107.603,-3.23],[107.654,-2.585],[108.291,-2.829],[108.294,-2.848]]],[[[114.047,-6.914],[113.551,-7.233],[112.726,-7.159],[112.874,-6.897],[114.029,-6.899],[114.047,-6.914]]],[[[136.85,-1.766],[136.267,-1.909],[135.421,-1.61],[136.832,-1.759],[136.85,-1.766]]],[[[122.781,-4.917],[122.543,-5.428],[122.291,-5.381],[122.327,-4.836],[122.691,-4.611],[122.777,-4.905],[122.781,-4.917]]],[[[116.632,-8.275],[116.434,-8.91],[116.009,-8.905],[116.027,-8.446],[116.593,-8.27],[116.632,-8.275]]],[[[96.479,2.415],[95.698,2.778],[95.91,2.907],[96.465,2.437],[96.479,2.415]]],[[[131.299,-0.238],[130.543,-0.432],[130.428,-0.108],[130.824,-0.005],[131.299,-0.227],[131.299,-0.238]]],[[[126.838,-7.726],[126.467,-7.966],[125.773,-8.008],[125.956,-7.667],[126.835,-7.711],[126.838,-7.726]]],[[[134.758,-6.158],[134.276,-6.083],[134.492,-5.442],[134.758,-5.671],[134.74,-6.171],[134.758,-6.158]]],[[[125.315,-1.779],[124.43,-2.012],[124.387,-1.668],[125.305,-1.778],[125.315,-1.779]]],[[[134.485,-6.576],[134.186,-6.919],[134.096,-6.191],[134.478,-6.531],[134.485,-6.576]]],[[[127.889,-0.764],[127.292,-0.46],[127.515,-0.302],[127.882,-0.764],[127.889,-0.764]]],[[[123.505,-1.264],[122.875,-1.585],[122.914,-1.176],[123.487,-1.259],[123.505,-1.264]]],[[[125.135,-8.218],[124.369,-8.461],[124.462,-8.138],[125.125,-8.206],[125.135,-8.218]]],[[[128.685,2.484],[128.491,2.054],[128.195,2.267],[128.642,2.538],[128.685,2.484]]],[[[128.145,-1.593],[127.378,-1.632],[127.623,-1.33],[128.134,-1.573],[128.145,-1.593]]]]}},{"type":"Feature","properties":{"name":"Iran"},"geometry":{"type":"MultiPolygon","coordinates":[[[[44.808,39.64],[45.427,39.015],[46.136,38.863],[46.514,38.882],[46.881,39.172],[47.846,39.686],[48.339,39.378],[48.307,39.046],[48.012,38.821],[48.609,38.395],[48.876,38.434],[48.951,37.887],[49.441,37.495],[50.15,37.404],[50.478,37.034],[51.09,36.737],[51.911,36.582],[53.491,36.888],[54.013,36.822],[53.912,37.343],[54.784,37.517],[55.129,37.953],[56.4,38.243],[57.217,38.265],[57.354,37.968],[58.801,37.695],[59.352,37.494],[59.46,37.208],[60.018,37.026],[60.342,36.638],[61.166,36.636],[61.271,35.618],[60.889,34.319],[60.486,34.095],[60.511,33.639],[60.832,33.485],[60.562,33.137],[60.832,32.249],[60.821,31.494],[61.742,31.32],[61.804,30.847],[60.846,29.858],[61.894,28.543],[62.74,28.259],[62.786,27.232],[63.319,27.117],[63.1,26.638],[62.297,26.51],[61.818,26.199],[61.588,25.203],[61.411,25.059],[60.403,25.344],[58.826,25.561],[58.074,25.564],[57.325,25.777],[57.026,26.851],[56.353,27.202],[55.666,26.996],[54.802,26.498],[54.308,26.716],[53.714,26.709],[53.412,26.994],[52.602,27.352],[52.494,27.609],[51.497,27.892],[50.932,29.054],[50.143,29.937],[50.075,30.196],[49.599,30.03],[48.923,30.381],[48.897,30.03],[48.53,29.961],[48.012,30.464],[48.015,30.976],[47.673,30.994],[47.832,31.761],[47.252,32.485],[46.028,33.093],[45.884,33.63],[45.413,33.987],[45.416,34.444],[45.913,35.088],[46.143,35.099],[46.003,35.673],[45.319,35.994],[44.765,37.143],[44.595,37.717],[44.221,37.875],[44.426,38.377],[44.045,39.397],[44.808,39.64]]],[[[56.213,27.003],[56.08,26.785],[55.331,26.645],[56.173,27.003],[56.213,27.003]]]]}},{"type":"Feature","properties":{"name":"Iraq"},"geometry":{"type":"Polygon","coordinates":[[[44.765,37.143],[45.319,35.994],[46.003,35.673],[46.143,35.099],[45.913,35.088],[45.416,34.444],[45.413,33.987],[45.884,33.63],[46.028,33.093],[47.252,32.485],[47.832,31.761],[47.673,30.994],[48.015,30.976],[48.012,30.464],[48.53,29.961],[47.947,29.995],[47.731,30.089],[47.357,30.093],[47.112,29.961],[46.853,29.444],[46.532,29.096],[44.693,29.201],[42.075,31.081],[40.369,31.938],[39.145,32.119],[38.774,33.372],[40.689,34.331],[41.197,34.768],[41.363,35.655],[41.384,36.516],[41.845,36.617],[42.356,37.11],[42.77,37.376],[43.821,37.202],[44.243,36.977],[44.765,37.143]]]}},{"type":"Feature","properties":{"name":"Ireland"},"geometry":{"type":"Polygon","coordinates":[[[-7.249,55.07],[-7.544,54.741],[-8.174,54.462],[-7.835,54.204],[-7.31,54.114],[-7.018,54.413],[-6.615,54.037],[-6.269,54.098],[-6.241,53.685],[-5.996,52.964],[-6.388,52.358],[-6.37,52.179],[-6.971,52.247],[-7.436,52.125],[-8.696,51.576],[-9.819,51.446],[-9.459,51.685],[-10.028,51.597],[-10.294,51.965],[-9.909,52.13],[-10.46,52.103],[-9.848,52.276],[-9.823,52.595],[-8.944,53.268],[-9.614,53.236],[-10.179,53.555],[-9.567,53.797],[-10.01,54.219],[-9.844,54.329],[-8.469,54.276],[-8.663,54.359],[-8.138,54.606],[-8.797,54.699],[-8.325,54.839],[-8.278,55.161],[-7.367,55.384],[-6.943,55.219],[-7.249,55.07]]]}},{"type":"Feature","properties":{"name":"Isle of Man","tiny":true},"geometry":{"type":"Polygon","coordinates":[[[-4.648,53.971],[-4.781,54.014],[-4.874,53.973],[-4.884,54.031],[-4.831,54.072],[-4.793,54.214],[-4.724,54.234],[-4.627,54.296],[-4.526,54.43],[-4.392,54.488],[-4.258,54.499],[-4.296,54.425],[-4.269,54.357],[-4.199,54.312],[-4.279,54.234],[-4.327,54.216],[-4.316,54.176],[-4.446,54.113],[-4.44,54.095],[-4.627,54.011],[-4.648,53.971]]]}},{"type":"Feature","properties":{"name":"Israel"},"geometry":{"type":"Polygon","coordinates":[[[34.249,31.212],[34.35,31.29],[34.368,31.393],[34.53,31.52],[34.483,31.584],[34.713,31.952],[34.839,32.281],[34.969,32.842],[35.106,33.088],[35.48,33.088],[35.549,33.281],[35.603,33.24],[35.822,33.407],[35.887,32.945],[35.757,32.744],[35.559,32.641],[35.559,32.384],[35.408,32.414],[35.394,32.494],[35.21,32.543],[35.063,32.463],[34.947,32.178],[34.969,32.129],[34.976,31.948],[35.009,31.876],[34.955,31.82],[35.045,31.842],[35.181,31.805],[35.207,31.744],[35.106,31.726],[34.973,31.631],[34.868,31.396],[34.926,31.346],[35.163,31.363],[35.225,31.381],[35.39,31.487],[35.459,31.493],[35.459,31.491],[35.444,31.133],[35.142,30.43],[35.145,30.123],[34.955,29.559],[34.886,29.49],[34.731,30.018],[34.249,31.212]]]}},{"type":"Feature","properties":{"name":"Italy"},"geometry":{"type":"MultiPolygon","coordinates":[[[[7.022,45.925],[7.54,45.984],[7.832,45.915],[8.343,46.443],[8.437,46.235],[8.833,46.067],[8.901,45.827],[9.225,46.23],[9.283,46.497],[9.56,46.293],[9.963,46.355],[10.096,46.609],[10.446,46.538],[10.453,46.864],[10.996,46.769],[11.173,46.963],[12.206,47.08],[12.404,46.69],[13.7,46.519],[13.365,46.29],[13.639,46.18],[13.462,46.006],[13.624,45.967],[13.581,45.81],[13.894,45.634],[13.711,45.594],[13.628,45.773],[12.21,45.308],[12.534,44.971],[12.292,44.842],[12.368,44.251],[13.617,43.532],[14.074,42.598],[15.122,41.935],[16.026,41.945],[15.932,41.479],[17.955,40.67],[18.517,40.104],[18.369,39.797],[17.847,40.29],[16.911,40.445],[16.515,39.689],[17.16,39.407],[17.174,38.961],[16.573,38.785],[16.562,38.416],[16.062,37.933],[15.651,38.242],[16.216,38.919],[15.626,40.077],[14.91,40.241],[14.784,40.67],[14.082,40.832],[13.722,41.252],[13.045,41.227],[11.828,42.034],[11.659,42.279],[10.518,42.926],[10.546,43.147],[10.107,44.017],[8.735,44.429],[8.167,43.956],[7.501,43.792],[7.655,44.175],[6.982,44.241],[6.982,44.847],[6.604,45.104],[7.162,45.411],[6.802,45.827],[7.022,45.925]],[[12.429,43.892],[12.462,43.895],[12.48,43.917],[12.476,43.92],[12.49,43.939],[12.494,43.956],[12.49,43.973],[12.483,43.983],[12.454,43.98],[12.422,43.968],[12.397,43.949],[12.386,43.924],[12.4,43.904],[12.429,43.892]],[[12.454,41.903],[12.454,41.904],[12.454,41.903],[12.454,41.903]]],[[[15.529,38.303],[15.09,37.46],[15.309,37.018],[15.093,36.655],[14.488,36.793],[12.426,37.798],[12.76,38.181],[13.311,38.22],[13.79,37.973],[15.514,38.297],[15.529,38.303]]],[[[9.794,40.557],[9.567,39.149],[9.081,39.216],[8.599,38.899],[8.375,39.238],[8.462,40.315],[8.21,40.866],[8.764,40.913],[9.232,41.263],[9.567,41.119],[9.787,40.567],[9.794,40.557]]]]}},{"type":"Feature","properties":{"name":"Ivory Coast"},"geometry":{"type":"Polygon","coordinates":[[[-7.99,10.162],[-7.663,10.438],[-6.971,10.164],[-6.669,10.654],[-6.244,10.721],[-6.179,10.216],[-5.524,10.426],[-5.218,10.319],[-4.682,9.683],[-3.663,9.95],[-3.202,9.907],[-2.687,9.489],[-2.507,8.209],[-2.943,7.577],[-3.263,6.616],[-2.842,5.149],[-3.994,5.232],[-5.852,5.029],[-7.54,4.352],[-7.576,5.071],[-7.389,5.318],[-7.447,5.846],[-7.717,5.9],[-7.911,6.269],[-8.62,6.493],[-8.35,6.755],[-8.303,7.138],[-8.487,7.559],[-8.228,7.545],[-8.023,8.118],[-8.199,8.492],[-7.663,8.374],[-7.958,8.781],[-7.864,9.409],[-8.152,9.512],[-7.99,10.162]]]}},{"type":"Feature","properties":{"name":"Jamaica"},"geometry":{"type":"Polygon","coordinates":[[[-76.265,18.013],[-76.189,17.915],[-76.362,17.861],[-76.614,17.874],[-76.654,17.93],[-76.848,17.992],[-76.942,17.834],[-77.093,17.903],[-77.215,17.773],[-77.442,17.864],[-77.723,17.854],[-77.845,18.018],[-77.957,18.033],[-78.076,18.198],[-78.227,18.192],[-78.375,18.266],[-78.231,18.445],[-77.961,18.45],[-77.903,18.519],[-77.273,18.46],[-77.136,18.409],[-76.895,18.409],[-76.794,18.283],[-76.351,18.156],[-76.297,18.078],[-76.265,18.013]]]}},{"type":"Feature","properties":{"name":"Japan"},"geometry":{"type":"MultiPolygon","coordinates":[[[[133.423,34.446],[133.102,34.257],[132.224,34.238],[132.163,33.841],[131.742,34.056],[131.187,33.933],[130.939,34.407],[131.414,34.424],[133.092,35.601],[133.329,35.466],[134.539,35.672],[135.306,35.689],[135.81,35.527],[135.957,35.972],[136.641,36.663],[136.749,37.359],[137.296,37.531],[136.987,36.871],[138.326,37.23],[138.859,37.828],[139.431,38.169],[140.047,39.505],[139.759,39.858],[140.025,40.354],[139.856,40.591],[140.259,40.795],[140.342,41.266],[140.673,40.896],[141.112,40.873],[141.256,41.212],[140.767,41.144],[140.914,41.546],[141.39,41.161],[141.436,40.67],[142.009,39.753],[141.847,39.022],[141.638,38.985],[141.44,38.372],[140.925,38.049],[140.976,37.002],[140.565,36.283],[140.878,35.721],[140.482,35.565],[140.392,35.197],[139.928,34.907],[139.78,35.314],[139.233,35.285],[138.834,34.596],[138.805,35.121],[138.214,34.713],[136.519,34.681],[136.926,34.424],[136.472,34.238],[135.766,33.482],[135.075,33.978],[135.342,34.709],[134.697,34.777],[133.794,34.442],[133.416,34.451],[133.423,34.446]]],[[[145.767,43.387],[144.784,42.934],[144.183,42.977],[143.575,42.603],[143.226,41.933],[141.724,42.617],[141.001,42.304],[140.457,42.565],[140.292,42.259],[141.192,41.791],[140.659,41.827],[140.209,41.401],[139.982,41.56],[140.144,41.982],[139.798,42.235],[139.878,42.664],[140.526,43.015],[140.486,43.372],[141.17,43.14],[141.336,43.713],[141.642,43.937],[141.793,44.598],[141.588,45.165],[141.944,45.521],[142.981,44.586],[143.73,44.113],[144.831,43.942],[145.375,44.292],[145.072,43.762],[145.321,43.277],[145.764,43.389],[145.767,43.387]]],[[[131.659,32.477],[131.338,31.373],[130.658,31.003],[130.222,31.246],[130.28,32.1],[130.669,32.649],[130.24,33.188],[129.815,32.663],[129.553,33.225],[130.453,33.808],[130.914,33.892],[131.065,33.654],[131.666,33.667],[131.511,33.274],[131.904,33.266],[132.022,32.936],[131.68,32.474],[131.659,32.477]]],[[[134.69,33.828],[134.175,33.237],[133.74,33.537],[133.311,33.375],[132.955,32.815],[132.472,32.933],[132.307,33.465],[132.944,34.142],[133.128,33.933],[134.154,34.385],[134.647,34.24],[134.69,33.835],[134.69,33.828]]]]}},{"type":"Feature","properties":{"name":"Jersey","tiny":true},"geometry":{"type":"Polygon","coordinates":[[[-2.004,49.339],[-1.96,49.313],[-1.822,49.269],[-1.822,49.239],[-1.781,49.199],[-1.822,49.166],[-1.834,49.081],[-1.907,49.102],[-1.992,49.102],[-2.045,49.117],[-2.109,49.16],[-2.162,49.181],[-2.215,49.166],[-2.256,49.102],[-2.349,49.137],[-2.446,49.117],[-2.426,49.181],[-2.466,49.304],[-2.466,49.339],[-2.434,49.348],[-2.341,49.319],[-2.267,49.327],[-2.203,49.357],[-2.183,49.342],[-2.086,49.319],[-2.045,49.339],[-2.004,49.339]]]}},{"type":"Feature","properties":{"name":"Jordan"},"geometry":{"type":"Polygon","coordinates":[[[35.757,32.744],[36.373,32.386],[36.819,32.317],[38.774,33.372],[39.145,32.119],[38.997,32.008],[36.96,31.491],[37.982,30.5],[37.633,30.312],[37.471,29.995],[36.755,29.865],[36.477,29.495],[36.017,29.189],[34.951,29.351],[34.955,29.559],[35.145,30.123],[35.142,30.43],[35.444,31.133],[35.459,31.491],[35.459,31.493],[35.459,31.491],[35.459,31.493],[35.48,31.641],[35.559,31.766],[35.523,31.92],[35.534,32.111],[35.574,32.237],[35.559,32.384],[35.559,32.641],[35.757,32.744]]]}},{"type":"Feature","properties":{"name":"Kazakhstan"},"geometry":{"type":"Polygon","coordinates":[[[87.324,49.086],[86.838,49.094],[86.547,48.517],[85.783,48.407],[85.517,47.921],[85.672,47.384],[85.499,47.051],[84.739,46.815],[84.664,46.984],[83.904,46.973],[83.152,47.211],[82.291,45.533],[82.587,45.177],[81.949,45.145],[81.741,45.339],[80.063,45.02],[80.355,44.653],[80.344,44.103],[80.794,43.149],[80.142,42.646],[80.211,42.19],[79.181,42.693],[78.497,42.875],[75.772,42.926],[75.178,42.85],[74.181,43.262],[73.633,43.063],[73.504,42.421],[71.848,42.835],[71.002,42.563],[70.948,42.249],[69.043,41.379],[68.572,40.913],[68.593,40.599],[67.999,40.807],[67.938,41.2],[66.689,41.198],[66.505,41.994],[66.016,41.997],[66.102,42.99],[65.796,42.877],[65.515,43.297],[64.957,43.698],[64.428,43.547],[63.208,43.627],[62.027,43.481],[61.037,44.383],[58.531,45.558],[55.975,44.996],[55.979,41.322],[55.511,41.259],[54.737,42.048],[54.046,42.345],[52.98,42.127],[52.436,41.749],[52.4,42.092],[52.746,42.657],[51.932,42.835],[51.32,43.443],[50.849,44.189],[50.23,44.392],[50.298,44.655],[51.32,44.596],[50.971,44.847],[51.396,45.332],[52.566,45.401],[53.041,45.937],[53.189,46.718],[52.937,46.95],[52.112,46.813],[51.187,47.117],[50.431,46.897],[49.229,46.328],[48.455,46.661],[49.005,46.769],[48.527,47.411],[48.044,47.77],[47.119,47.819],[47.079,48.275],[46.478,48.41],[46.979,49.047],[46.773,49.332],[46.899,49.82],[47.623,50.44],[48.419,49.812],[48.887,50.02],[48.674,50.58],[49.423,50.882],[49.423,51.102],[50.327,51.303],[50.582,51.636],[51.234,51.686],[51.781,51.492],[52.336,51.764],[52.505,51.479],[53.347,51.504],[54.478,50.854],[54.686,51.024],[55.658,50.53],[56.508,51.067],[57.156,51.1],[57.689,50.896],[57.768,51.119],[58.596,51.023],[58.927,50.678],[59.773,50.533],[59.96,50.83],[60.72,50.653],[61.372,50.783],[61.663,51.259],[60.137,51.889],[61.04,52.335],[60.677,52.664],[61.447,53.022],[62.052,53.125],[61.202,53.277],[60.979,53.883],[63.085,54.086],[64.91,54.403],[65.476,54.633],[65.976,54.613],[68.165,54.955],[68.942,55.435],[70.195,55.134],[70.822,55.295],[71.218,54.714],[71.182,54.101],[72.042,54.378],[73.684,53.875],[73.331,53.775],[73.425,53.432],[74.454,53.685],[76.672,54.437],[76.524,53.961],[77.867,53.272],[79.469,51.492],[79.926,50.879],[80.437,50.958],[80.682,51.301],[81.157,51.158],[81.46,50.73],[82.475,50.714],[83.433,50.992],[83.951,50.781],[84.25,50.259],[84.977,50.075],[85.261,49.582],[86.176,49.464],[86.611,49.795],[87.324,49.086]],[[63.384,45.565],[63.557,45.584],[63.712,45.636],[63.895,45.781],[63.956,45.894],[63.956,46.062],[63.92,46.139],[63.798,46.269],[63.611,46.359],[63.323,46.389],[63.157,46.359],[62.97,46.269],[62.869,46.175],[62.812,46.062],[62.812,45.894],[62.869,45.781],[63.056,45.636],[63.323,45.569],[63.384,45.565]]]}},{"type":"Feature","properties":{"name":"Kenya"},"geometry":{"type":"Polygon","coordinates":[[[35.919,4.619],[36.042,4.443],[36.845,4.433],[38.101,3.612],[39.537,3.405],[39.847,3.867],[40.765,4.284],[41.114,3.962],[41.885,3.977],[40.967,2.814],[40.981,-0.871],[41.535,-1.696],[40.895,-2.026],[40.617,-2.553],[40.175,-2.762],[40.124,-3.267],[39.408,-4.614],[39.192,-4.677],[37.601,-3.513],[37.644,-3.046],[34.051,-1.04],[33.903,-1.002],[33.893,0.11],[34.98,1.676],[34.922,2.454],[34.433,3.182],[34.447,3.646],[33.975,4.22],[34.382,4.621],[35.412,5.031],[35.61,4.621],[35.919,4.619]]]}},{"type":"Feature","properties":{"name":"Kiribati","tiny":true},"geometry":{"type":"Polygon","coordinates":[[[-157.057,1.686],[-157.038,1.61],[-157.155,1.601],[-157.21,1.659],[-157.43,1.718],[-157.496,1.751],[-157.632,1.856],[-157.662,1.844],[-157.723,1.885],[-157.717,1.934],[-157.656,1.968],[-157.613,1.959],[-157.662,1.922],[-157.644,1.861],[-157.583,1.861],[-157.564,1.834],[-157.461,1.813],[-157.54,1.885],[-157.503,1.879],[-157.491,1.922],[-157.466,1.873],[-157.423,1.861],[-157.461,1.939],[-157.449,1.968],[-157.381,1.922],[-157.339,1.998],[-157.43,2.035],[-157.545,2.119],[-157.564,2.088],[-157.601,2.13],[-157.54,2.146],[-157.454,2.122],[-157.388,2.071],[-157.259,2.042],[-157.308,1.985],[-157.327,1.852],[-157.289,1.81],[-157.088,1.693],[-157.057,1.686]]]}},{"type":"Feature","properties":{"name":"Kosovo"},"geometry":{"type":"Polygon","coordinates":[[[20.065,42.546],[20.104,42.652],[20.025,42.744],[20.184,42.742],[20.346,42.828],[20.475,42.855],[20.475,42.966],[20.67,43.11],[20.598,43.184],[20.745,43.253],[20.839,43.171],[21.091,43.091],[21.26,42.887],[21.4,42.855],[21.379,42.744],[21.764,42.669],[21.598,42.372],[21.562,42.247],[21.354,42.217],[21.238,42.097],[21.098,42.196],[20.81,42.093],[20.742,41.887],[20.569,41.874],[20.59,41.994],[20.5,42.212],[20.065,42.546]]]}},{"type":"Feature","properties":{"name":"Kuwait"},"geometry":{"type":"Polygon","coordinates":[[[47.947,29.995],[47.994,29.828],[48.181,29.562],[47.965,29.576],[47.706,29.363],[47.987,29.394],[48.102,29.35],[48.159,29.017],[48.393,28.744],[48.433,28.541],[47.67,28.534],[47.58,28.632],[47.436,28.995],[46.532,29.096],[46.853,29.444],[47.112,29.961],[47.357,30.093],[47.731,30.089],[47.947,29.995]]]}},{"type":"Feature","properties":{"name":"Kyrgyzstan"},"geometry":{"type":"Polygon","coordinates":[[[80.211,42.19],[80.182,42.021],[79.303,41.788],[78.36,41.377],[78.076,41.04],[76.765,40.945],[76.625,40.628],[75.682,40.292],[75.588,40.613],[74.836,40.511],[74.371,40.106],[74.004,40.06],[73.929,39.593],[73.633,39.449],[72.633,39.395],[72.24,39.191],[71.459,39.613],[70.699,39.419],[70.491,39.598],[69.299,39.515],[69.313,39.988],[69.968,40.212],[70.627,39.995],[70.959,40.238],[71.671,40.148],[73.119,40.783],[71.873,41.195],[71.686,41.534],[71.182,41.109],[70.17,41.578],[70.948,42.249],[71.002,42.563],[71.848,42.835],[73.504,42.421],[73.633,43.063],[74.181,43.262],[75.178,42.85],[75.772,42.926],[78.497,42.875],[79.181,42.693],[80.211,42.19]],[[71.787,39.989],[71.761,39.984],[71.787,39.989],[71.787,39.989]],[[71.178,40.042],[71.171,40.043],[71.178,40.042],[71.178,40.042]],[[70.498,39.881],[70.483,39.881],[70.498,39.881],[70.498,39.881]]]}},{"type":"Feature","properties":{"name":"Laos"},"geometry":{"type":"Polygon","coordinates":[[[102.12,22.398],[102.948,21.738],[102.866,21.246],[103.128,20.854],[103.665,20.659],[104.057,20.959],[104.601,20.66],[104.36,20.439],[104.954,20.009],[104.615,19.607],[103.996,19.652],[103.848,19.299],[105.112,18.698],[105.155,18.32],[105.735,17.665],[106.534,16.972],[106.732,16.417],[107.434,16.069],[107.16,15.758],[107.664,15.269],[107.52,14.705],[106.836,14.308],[106.545,14.512],[105.972,14.365],[106.145,14.073],[105.9,13.923],[105.184,14.345],[105.422,14.435],[105.652,15.635],[104.766,16.511],[104.82,17.349],[104,18.318],[103.308,18.426],[103.02,17.984],[102.596,17.851],[102.077,18.214],[101.13,17.46],[100.886,17.596],[101.166,18.053],[101.03,18.428],[101.325,19.021],[101.21,19.59],[100.461,19.537],[100.547,20.167],[100.101,20.318],[100.724,21.312],[101.159,21.552],[101.26,21.179],[101.703,21.135],[101.753,21.807],[101.516,22.246],[102.12,22.398]]]}},{"type":"Feature","properties":{"name":"Latvia"},"geometry":{"type":"Polygon","coordinates":[[[27.351,57.527],[27.841,57.291],[27.628,56.845],[28.125,56.548],[28.15,56.142],[27.592,55.795],[26.98,55.827],[26.595,55.666],[25.648,56.144],[25.108,56.183],[24.892,56.44],[24.446,56.261],[23.715,56.353],[23.114,56.311],[22.095,56.418],[21.055,56.073],[21.066,56.847],[21.382,57.009],[21.699,57.556],[22.585,57.76],[23.128,57.37],[23.251,57.115],[23.694,56.968],[24.41,57.297],[24.306,57.868],[25.263,58.076],[26.001,57.846],[26.498,57.515],[26.854,57.623],[27.351,57.527]]]}},{"type":"Feature","properties":{"name":"Lebanon"},"geometry":{"type":"Polygon","coordinates":[[[35.106,33.088],[35.207,33.225],[35.271,33.458],[35.351,33.514],[35.477,33.804],[35.469,33.902],[35.574,33.911],[35.649,34.12],[35.628,34.201],[35.826,34.461],[35.984,34.539],[35.97,34.65],[36.261,34.627],[36.308,34.687],[36.441,34.63],[36.319,34.513],[36.531,34.414],[36.603,34.199],[36.269,33.911],[36.369,33.858],[36.049,33.816],[35.923,33.64],[36.038,33.586],[35.822,33.407],[35.603,33.24],[35.549,33.281],[35.48,33.088],[35.106,33.088]]]}},{"type":"Feature","properties":{"name":"Lesotho"},"geometry":{"type":"Polygon","coordinates":[[[28.982,-28.91],[28.996,-28.908],[29.313,-29.09],[29.436,-29.342],[29.266,-29.626],[29.115,-29.75],[29.151,-29.911],[28.86,-30.066],[28.363,-30.159],[28.215,-30.267],[28.078,-30.659],[27.744,-30.6],[27.459,-30.316],[27.2,-29.978],[27.024,-29.615],[27.351,-29.48],[27.747,-28.908],[28.017,-28.857],[28.154,-28.702],[28.618,-28.572],[28.982,-28.91]]]}},{"type":"Feature","properties":{"name":"Liberia"},"geometry":{"type":"Polygon","coordinates":[[[-11.475,6.919],[-11.374,7.138],[-10.615,7.77],[-10.618,8.011],[-10.366,8.148],[-10.284,8.484],[-9.761,8.55],[-9.499,8.344],[-9.355,7.623],[-9.466,7.434],[-9.124,7.191],[-8.858,7.273],[-8.685,7.694],[-8.487,7.559],[-8.303,7.138],[-8.35,6.755],[-8.62,6.493],[-7.911,6.269],[-7.717,5.9],[-7.447,5.846],[-7.389,5.318],[-7.576,5.071],[-7.54,4.352],[-8.257,4.58],[-9.279,5.146],[-10.428,6.198],[-11.353,6.701],[-11.475,6.919]]]}},{"type":"Feature","properties":{"name":"Libya"},"geometry":{"type":"Polygon","coordinates":[[[11.504,33.181],[12.35,32.833],[13.351,32.904],[15.198,32.389],[15.489,31.665],[16.044,31.275],[17.365,31.087],[18.175,30.787],[18.654,30.422],[19.24,30.273],[19.748,30.511],[20.148,31.217],[19.921,31.717],[20.072,32.176],[20.562,32.558],[21.609,32.931],[22.171,32.938],[23.107,32.639],[23.096,32.323],[24.09,32.006],[24.982,31.969],[25.152,31.656],[24.86,31.381],[24.99,30.751],[24.687,30.182],[24.982,29.181],[24.982,21.996],[24.975,19.995],[23.982,19.995],[23.982,19.497],[15.986,23.445],[14.982,22.996],[14.233,22.617],[13.484,23.18],[11.968,23.517],[11.569,24.267],[10.719,24.552],[10.449,24.476],[10.032,24.856],[9.97,25.395],[9.401,26.113],[9.837,26.504],[9.722,27.291],[9.934,27.867],[9.776,28.267],[9.826,29.129],[9.286,30.116],[9.52,30.229],[9.873,30.354],[10.269,30.915],[10.107,31.411],[10.874,32.136],[11.565,32.465],[11.504,33.181]]]}},{"type":"Feature","properties":{"name":"Liechtenstein","tiny":true},"geometry":{"type":"Polygon","coordinates":[[[9.459,47.5],[9.54,47.441],[9.531,47.389],[9.599,47.29],[9.567,47.192],[9.658,47.146],[9.744,47.074],[9.776,46.992],[9.753,46.907],[9.658,46.825],[9.59,46.815],[9.39,46.838],[9.318,46.854],[9.318,46.881],[9.436,46.995],[9.436,47.064],[9.363,47.162],[9.341,47.218],[9.354,47.33],[9.413,47.441],[9.459,47.5]]]}},{"type":"Feature","properties":{"name":"Lithuania"},"geometry":{"type":"Polygon","coordinates":[[[26.595,55.666],[26.444,55.337],[26.768,55.3],[26.311,55.144],[25.72,54.766],[25.472,54.297],[24.856,54.146],[24.788,53.969],[23.485,53.939],[23.431,54.17],[22.768,54.356],[22.822,54.886],[22.581,55.058],[22.099,55.03],[21.267,55.249],[21.055,56.073],[22.095,56.418],[23.114,56.311],[23.715,56.353],[24.446,56.261],[24.892,56.44],[25.108,56.183],[25.648,56.144],[26.595,55.666]]]}},{"type":"Feature","properties":{"name":"Luxembourg"},"geometry":{"type":"Polygon","coordinates":[[[6.118,50.121],[6.097,50.048],[6.161,49.942],[6.237,49.876],[6.413,49.805],[6.493,49.8],[6.493,49.7],[6.417,49.67],[6.352,49.567],[6.345,49.456],[6.248,49.491],[6.136,49.494],[6.064,49.449],[5.96,49.442],[5.927,49.483],[5.841,49.5],[5.791,49.538],[5.848,49.577],[5.881,49.658],[5.852,49.714],[5.805,49.722],[5.737,49.788],[5.715,49.881],[5.812,49.977],[5.801,50.003],[5.873,50.097],[5.999,50.175],[6.086,50.16],[6.118,50.121]]]}},{"type":"Feature","properties":{"name":"Macao","tiny":true},"geometry":{"type":"Polygon","coordinates":[[[113.538,22.434],[113.74,22.412],[113.74,22.355],[113.661,22.299],[113.616,22.299],[113.571,22.187],[113.695,22.153],[113.773,22.165],[113.74,22.108],[113.863,22.097],[113.863,21.996],[113.818,21.985],[113.74,22.019],[113.773,21.962],[113.74,21.94],[113.661,21.985],[113.616,21.929],[113.616,21.805],[113.538,21.85],[113.414,21.794],[113.335,21.861],[113.414,21.884],[113.369,22.187],[113.257,22.288],[113.29,22.412],[113.493,22.479],[113.538,22.434]]]}},{"type":"Feature","properties":{"name":"Macedonia"},"geometry":{"type":"Polygon","coordinates":[[[20.569,41.874],[20.742,41.887],[20.81,42.093],[21.098,42.196],[21.238,42.097],[21.354,42.217],[21.562,42.247],[22.261,42.369],[22.344,42.313],[22.509,42.144],[22.844,42.014],[23.01,41.74],[22.93,41.599],[22.916,41.335],[22.779,41.335],[22.729,41.166],[22.423,41.114],[22.182,41.16],[21.908,41.097],[21.778,40.933],[21.58,40.866],[20.965,40.849],[20.742,40.898],[20.576,41.094],[20.443,41.55],[20.569,41.874]]]}},{"type":"Feature","properties":{"name":"Madagascar"},"geometry":{"type":"Polygon","coordinates":[[[44.253,-20.376],[44.459,-20.024],[44.459,-19.418],[44.048,-18.427],[43.944,-17.456],[44.441,-16.656],[44.451,-16.186],[44.869,-16.222],[45.265,-15.924],[46.23,-15.71],[47.054,-15.193],[47.443,-14.671],[47.483,-15.08],[48.015,-13.952],[47.965,-13.522],[48.329,-13.78],[48.746,-13.412],[48.955,-12.47],[49.261,-11.944],[49.805,-12.806],[50.143,-13.783],[50.233,-14.739],[50.503,-15.322],[50.23,-15.972],[49.902,-15.423],[49.639,-15.544],[49.855,-16.539],[49.43,-17.284],[49.358,-18.424],[49.077,-19.065],[48.203,-21.796],[47.9,-22.481],[47.569,-23.852],[47.126,-24.935],[46.237,-25.198],[45.492,-25.573],[45.135,-25.585],[44.016,-24.977],[43.706,-24.406],[43.757,-23.454],[43.361,-22.843],[43.224,-22.235],[43.508,-21.309],[43.814,-21.225],[44.239,-20.389],[44.253,-20.376]]]}},{"type":"Feature","properties":{"name":"Malawi"},"geometry":{"type":"Polygon","coordinates":[[[34.965,-11.573],[34.605,-11.592],[34.353,-12.199],[34.544,-13.326],[34.893,-13.535],[35.855,-14.668],[35.797,-16.005],[35.376,-16.141],[35.131,-16.537],[35.293,-17.13],[34.386,-16.186],[34.245,-15.794],[34.569,-15.271],[34.519,-14.607],[34.343,-14.388],[33.698,-14.496],[33.201,-14.015],[33,-14.05],[32.676,-13.567],[33,-13.202],[32.957,-12.725],[33.518,-12.372],[33.252,-12.14],[33.281,-10.913],[33.659,-10.602],[33.367,-9.9],[32.921,-9.408],[33.911,-9.717],[34.011,-9.477],[34.483,-9.947],[34.674,-10.739],[34.595,-11.016],[34.965,-11.573]]]}},{"type":"Feature","properties":{"name":"Malaysia"},"geometry":{"type":"MultiPolygon","coordinates":[[[[115.145,4.909],[115.606,5.212],[116.107,6.127],[116.765,7.025],[116.823,6.581],[117.248,6.951],[117.295,6.637],[119.267,5.201],[118.137,4.882],[118.645,4.443],[117.568,4.16],[117.215,4.354],[115.829,4.376],[115.646,4.17],[115.466,3.032],[115.066,2.829],[115.178,2.574],[114.778,2.246],[114.832,1.902],[114.501,1.436],[113.911,1.443],[113.648,1.233],[113.025,1.537],[112.179,1.449],[111.823,1.009],[111.196,1.074],[110.555,0.852],[109.641,1.637],[109.644,2.083],[109.943,1.689],[111.005,1.556],[111.441,2.68],[113.007,3.162],[113.947,4.274],[114.001,4.602],[114.245,4.482],[114.296,4.317],[114.281,4.264],[114.433,4.247],[114.476,4.144],[114.587,4.021],[114.674,4.045],[114.767,4.133],[114.847,4.423],[114.782,4.497],[114.742,4.73],[114.983,4.889],[115.03,4.821],[115.034,4.621],[115.091,4.406],[115.325,4.315],[115.361,4.33],[115.286,4.435],[115.279,4.614],[115.207,4.825],[115.145,4.909]]],[[[102.074,6.257],[103.121,5.382],[103.449,4.806],[103.337,3.758],[103.434,2.962],[103.751,2.655],[104.277,1.367],[103.395,1.507],[101.865,2.395],[101.285,2.849],[101.296,3.275],[100.72,3.867],[100.349,6.012],[100.126,6.442],[100.349,6.54],[101.069,6.252],[101.105,5.637],[101.534,5.906],[101.8,5.74],[102.074,6.257]]]]}},{"type":"Feature","properties":{"name":"Maldives","tiny":true},"geometry":{"type":"Polygon","coordinates":[[[73.796,4.424],[73.836,4.396],[73.819,4.351],[73.819,4.256],[73.757,4.093],[73.673,4.026],[73.594,3.981],[73.454,3.992],[73.151,4.104],[73.151,4.132],[73.594,4.115],[73.656,4.144],[73.673,4.233],[73.718,4.357],[73.796,4.424]]]}},{"type":"Feature","properties":{"name":"Mali"},"geometry":{"type":"Polygon","coordinates":[[[-12.264,14.776],[-11.864,14.853],[-11.727,15.541],[-11.41,15.603],[-10.914,15.103],[-10.726,15.432],[-9.837,15.372],[-9.347,15.495],[-5.517,15.495],[-5.359,16.282],[-5.625,16.528],[-5.913,19.183],[-6.593,24.995],[-4.822,24.995],[1.147,21.101],[1.154,20.738],[1.892,20.231],[3.217,19.794],[3.101,19.154],[3.332,18.975],[4.228,19.142],[4.185,16.415],[3.847,15.686],[3.508,15.355],[1.33,15.284],[0.974,14.992],[0.218,14.911],[-0.754,15.069],[-2.025,14.198],[-2.461,14.281],[-2.842,14.043],[-2.896,13.651],[-3.267,13.717],[-3.249,13.293],[-3.598,13.2],[-3.976,13.46],[-4.351,13.119],[-4.243,12.731],[-4.559,12.15],[-5.168,11.944],[-5.225,11.414],[-5.506,11.047],[-5.524,10.426],[-6.179,10.216],[-6.244,10.721],[-6.669,10.654],[-6.971,10.164],[-7.663,10.438],[-7.99,10.162],[-8.296,10.537],[-8.303,10.978],[-8.696,10.963],[-8.375,11.368],[-8.847,11.658],[-8.995,12.388],[-9.326,12.498],[-9.722,12.025],[-10.266,12.217],[-10.669,11.892],[-10.91,12.201],[-11.274,11.996],[-11.389,12.403],[-11.385,12.933],[-11.652,13.384],[-12.098,13.705],[-11.997,14.166],[-12.264,14.776]]]}},{"type":"Feature","properties":{"name":"Malta","tiny":true},"geometry":{"type":"Polygon","coordinates":[[[14.738,35.876],[14.777,35.817],[14.788,35.753],[14.766,35.708],[14.738,35.725],[14.687,35.686],[14.676,35.63],[14.385,35.691],[14.262,35.741],[14.212,35.809],[14.162,35.836],[14.162,35.937],[14.134,36.077],[14.103,36.105],[14.173,36.152],[14.254,36.166],[14.254,36.144],[14.173,36.105],[14.394,36.088],[14.444,36.071],[14.536,36.007],[14.615,35.982],[14.657,35.904],[14.738,35.876]]]}},{"type":"Feature","properties":{"name":"Marshall Islands","tiny":true},"geometry":{"type":"Polygon","coordinates":[[[171.557,7.1],[171.508,7.071],[171.37,7.052],[171.308,7.019],[171.191,7.029],[170.92,7.15],[170.872,7.189],[170.898,7.218],[170.914,7.166],[171.239,7.037],[171.349,7.06],[171.557,7.1]]]}},{"type":"Feature","properties":{"name":"Mauritania"},"geometry":{"type":"Polygon","coordinates":[[[-8.681,27.285],[-4.822,24.995],[-6.593,24.995],[-5.913,19.183],[-5.625,16.528],[-5.359,16.282],[-5.517,15.495],[-9.347,15.495],[-9.837,15.372],[-10.726,15.432],[-10.914,15.103],[-11.41,15.603],[-11.727,15.541],[-11.864,14.853],[-12.264,14.776],[-13.239,15.623],[-13.484,16.155],[-13.826,16.118],[-14.406,16.66],[-15.673,16.481],[-16.328,16.474],[-16.544,15.809],[-16.458,16.643],[-16.026,17.96],[-16.209,18.995],[-16.537,19.38],[-16.202,20.196],[-16.933,21.152],[-17.055,20.767],[-16.958,21.332],[-13.016,21.334],[-13.092,22.496],[-13.016,23.018],[-12.015,23.495],[-12.015,25.995],[-8.707,25.995],[-8.681,27.285]]]}},{"type":"Feature","properties":{"name":"Mauritius","tiny":true},"geometry":{"type":"Polygon","coordinates":[[[57.864,-20.217],[57.845,-20.359],[57.758,-20.425],[57.776,-20.472],[57.704,-20.543],[57.598,-20.576],[57.492,-20.59],[57.392,-20.569],[57.332,-20.578],[57.24,-20.499],[57.305,-20.477],[57.318,-20.411],[57.314,-20.303],[57.36,-20.187],[57.474,-20.112],[57.52,-19.972],[57.621,-19.905],[57.698,-19.925],[57.758,-20.056],[57.799,-20.066],[57.795,-20.116],[57.855,-20.202],[57.864,-20.217]]]}},{"type":"Feature","properties":{"name":"Mexico"},"geometry":{"type":"Polygon","coordinates":[[[-97.138,25.966],[-97.653,24.515],[-97.89,22.626],[-97.674,21.675],[-97.149,20.647],[-96.44,19.838],[-96.292,19.333],[-95.752,18.766],[-94.809,18.524],[-94.467,18.144],[-93.581,18.416],[-92.858,18.467],[-92.062,18.702],[-91.594,18.443],[-91.414,18.813],[-90.73,19.375],[-90.478,19.922],[-90.334,21.032],[-89.787,21.285],[-87.961,21.601],[-86.827,21.434],[-86.874,20.854],[-87.432,20.221],[-87.745,19.63],[-87.443,19.554],[-87.864,18.328],[-88.303,18.482],[-88.491,18.484],[-88.735,18.051],[-88.879,17.888],[-89.049,17.999],[-89.153,17.942],[-89.16,17.815],[-90.964,17.817],[-90.993,17.253],[-91.439,17.254],[-90.737,16.746],[-90.381,16.368],[-90.485,16.071],[-91.724,16.069],[-92.206,15.289],[-92.073,15.074],[-92.246,14.546],[-92.84,15.183],[-93.758,15.907],[-94.852,16.429],[-95.435,15.976],[-96.555,15.659],[-97.772,15.98],[-98.855,16.528],[-99.741,16.731],[-101.058,17.265],[-101.811,17.891],[-103.499,18.333],[-103.982,18.875],[-105.018,19.369],[-105.699,20.407],[-105.234,20.637],[-105.544,20.768],[-105.234,21.06],[-105.198,21.493],[-105.634,21.955],[-105.8,22.638],[-107.034,23.98],[-108.006,24.662],[-108.003,25.032],[-108.77,25.54],[-109.41,25.647],[-109.227,26.334],[-109.983,27.116],[-110.523,27.3],[-110.588,27.837],[-111.25,28.051],[-112.168,28.966],[-113.129,30.812],[-113.05,31.156],[-113.939,31.601],[-114.159,31.494],[-114.933,31.91],[-114.782,31.656],[-114.667,30.199],[-113.623,29.253],[-113.525,28.892],[-112.845,28.441],[-112.773,27.864],[-112.355,27.548],[-111.736,26.54],[-111.56,26.695],[-111.304,25.772],[-110.656,24.807],[-110.609,24.254],[-110.231,24.343],[-109.828,24.063],[-109.454,23.202],[-109.954,22.872],[-110.307,23.541],[-112.089,24.774],[-112.064,25.625],[-112.197,25.995],[-113.27,26.753],[-113.637,26.726],[-114.487,27.237],[-115.055,27.86],[-114.497,27.774],[-114.044,28.458],[-114.973,29.378],[-115.696,29.757],[-116.067,30.814],[-116.675,31.553],[-117.125,32.531],[-114.724,32.713],[-114.821,32.501],[-111.005,31.327],[-108.215,31.327],[-108.215,31.778],[-106.516,31.775],[-104.885,30.552],[-104.532,29.667],[-104.057,29.34],[-103.146,28.985],[-102.693,29.736],[-102.322,29.893],[-101.548,29.821],[-100.67,29.117],[-100.259,28.261],[-99.507,27.573],[-99.46,27.057],[-99.107,26.423],[-98.222,26.076],[-97.138,25.966]]]}},{"type":"Feature","properties":{"name":"Micronesia","tiny":true},"geometry":{"type":"Polygon","coordinates":[[[158.424,7.054],[158.469,7.013],[158.527,7.032],[158.575,6.871],[158.549,6.826],[158.469,6.826],[158.504,6.73],[158.469,6.611],[158.273,6.578],[158.215,6.582],[158.179,6.614],[158.112,6.595],[158.064,6.62],[158.006,6.701],[158.019,6.788],[157.97,6.858],[158.006,6.903],[157.913,6.91],[157.89,6.958],[157.913,7.067],[157.938,7.099],[158.054,7.116],[158.064,7.19],[158.157,7.148],[158.215,7.164],[158.26,7.148],[158.376,7.148],[158.459,7.067],[158.424,7.054]]]}},{"type":"Feature","properties":{"name":"Moldova"},"geometry":{"type":"Polygon","coordinates":[[[26.617,48.258],[26.833,48.392],[27.175,48.361],[27.751,48.453],[28.078,48.245],[28.798,48.112],[29.238,47.87],[29.13,47.559],[29.41,47.279],[29.558,46.946],[29.929,46.81],[29.914,46.519],[30.08,46.374],[29.634,46.366],[29.202,46.524],[28.946,46.455],[28.932,45.992],[28.759,45.962],[28.474,45.658],[28.503,45.509],[28.201,45.462],[28.082,46.014],[28.248,46.467],[28.028,47.032],[27.805,47.144],[27.272,47.715],[26.998,48.167],[26.617,48.258]]]}},{"type":"Feature","properties":{"name":"Monaco","tiny":true},"geometry":{"type":"Polygon","coordinates":[[[7.744,43.765],[7.704,43.736],[7.565,43.646],[7.416,43.517],[7.208,43.537],[7.059,43.567],[7.059,43.686],[7.099,43.805],[7.277,43.914],[7.456,43.964],[7.635,43.884],[7.744,43.765]]]}},{"type":"Feature","properties":{"name":"Mongolia"},"geometry":{"type":"Polygon","coordinates":[[[116.683,49.824],[115.513,48.132],[115.916,47.684],[116.852,47.872],[117.359,47.651],[117.741,47.978],[118.544,47.966],[119.753,47.095],[119.681,46.592],[118.27,46.723],[117.302,46.35],[116.603,46.31],[116.171,45.709],[115.639,45.444],[114.533,45.386],[113.605,44.739],[112.01,45.087],[111.405,44.417],[111.934,43.696],[110.933,43.287],[110.408,42.769],[109.486,42.45],[108.176,42.455],[106.768,42.286],[105.202,41.744],[104.496,41.666],[104.5,41.871],[103.722,41.756],[103.074,42.004],[102.034,42.185],[101.638,42.516],[100.018,42.676],[99.474,42.565],[97.192,42.787],[96.35,42.74],[95.874,43.247],[95.381,44.287],[95.036,44.255],[93.974,44.66],[93.524,44.95],[91.533,45.07],[90.906,45.185],[90.651,45.493],[91.004,46.021],[91.047,46.551],[90.345,47.659],[89.571,48.02],[89.045,47.993],[88.015,48.54],[87.817,49.165],[88.174,49.444],[88.872,49.435],[89.682,49.709],[89.625,49.903],[91.418,50.462],[92.314,50.855],[93.023,50.616],[94.236,50.565],[94.604,50.02],[95.5,49.886],[95.867,50.015],[96.969,49.886],[97.3,49.726],[98.106,50.063],[98.294,50.519],[97.808,50.97],[97.916,51.301],[98.888,52.129],[99.917,51.749],[100.511,51.727],[102.185,51.323],[102.329,50.545],[103.6,50.133],[105.328,50.477],[106.656,50.327],[107.366,49.976],[107.945,49.933],[107.938,49.663],[108.539,49.327],[109.162,49.346],[110.732,49.138],[111.362,49.368],[113.061,49.596],[113.212,49.822],[114.199,50.256],[114.753,50.236],[115.369,49.895],[116.218,50.015],[116.683,49.824]]]}},{"type":"Feature","properties":{"name":"Montenegro"},"geometry":{"type":"Polygon","coordinates":[[[18.495,42.416],[18.438,42.559],[18.538,42.619],[18.466,42.769],[18.452,42.993],[18.639,43.02],[18.679,43.25],[18.898,43.351],[19.071,43.309],[18.906,43.49],[19.194,43.532],[19.597,43.176],[19.917,43.117],[20.115,42.977],[20.338,42.907],[20.346,42.828],[20.184,42.742],[20.025,42.744],[20.104,42.652],[20.065,42.546],[19.831,42.468],[19.698,42.654],[19.417,42.374],[19.273,42.181],[19.374,42.104],[19.366,41.852],[19.172,41.938],[19.14,42.043],[18.78,42.271],[18.682,42.458],[18.495,42.416]]]}},{"type":"Feature","properties":{"name":"Montserrat","tiny":true},"geometry":{"type":"Polygon","coordinates":[[[-61.999,16.733],[-62.033,16.638],[-61.98,16.533],[-62.014,16.438],[-62.099,16.405],[-62.342,16.471],[-62.39,16.657],[-62.342,16.89],[-62.271,17.09],[-62.171,17.056],[-62.133,17.066],[-62.152,16.975],[-62.118,16.89],[-62.047,16.809],[-61.999,16.733]]]}},{"type":"Feature","properties":{"name":"Morocco"},"geometry":{"type":"Polygon","coordinates":[[[-17.012,21.42],[-16.818,22.131],[-16.522,22.315],[-15.766,23.813],[-14.91,24.686],[-14.784,25.447],[-14.402,26.266],[-13.621,26.689],[-12.969,27.914],[-11.486,28.326],[-10.575,28.99],[-9.653,30.126],[-9.887,30.687],[-9.848,31.403],[-9.268,32.227],[-9.261,32.577],[-8.53,33.269],[-7.529,33.632],[-6.824,34.039],[-6.291,34.881],[-5.927,35.782],[-5.398,35.925],[-5.341,35.847],[-4.772,35.241],[-3.904,35.214],[-2.947,35.329],[-2.914,35.277],[-2.223,35.089],[-1.769,34.741],[-1.676,33.239],[-1.424,32.742],[-1.046,32.517],[-1.251,32.082],[-2.515,32.132],[-2.828,31.795],[-3.659,31.648],[-3.818,31.319],[-3.645,30.711],[-4.372,30.508],[-5.755,29.615],[-7.619,29.39],[-8.649,28.727],[-8.681,27.661],[-8.793,27.121],[-9.412,27.089],[-9.733,26.861],[-10.921,27.009],[-11.392,26.883],[-11.338,26.633],[-11.716,26.104],[-12.03,26.03],[-12.429,24.829],[-13.059,24.4],[-13.311,23.98],[-13.768,23.791],[-14.02,23.411],[-14.222,22.31],[-14.841,21.451],[-17.012,21.42]]]}},{"type":"Feature","properties":{"name":"Mozambique"},"geometry":{"type":"Polygon","coordinates":[[[32.114,-26.839],[32.118,-26.583],[32.039,-26.284],[32.071,-26.01],[31.949,-25.958],[31.988,-24.423],[31.52,-23.415],[31.29,-22.397],[32.409,-21.291],[32.514,-20.565],[33.007,-20.033],[32.762,-19.464],[33.036,-18.332],[32.967,-16.681],[31.909,-16.429],[31.113,-15.997],[30.404,-16],[30.397,-15.636],[30.213,-14.982],[33.201,-14.015],[33.698,-14.496],[34.343,-14.388],[34.519,-14.607],[34.569,-15.271],[34.245,-15.794],[34.386,-16.186],[35.293,-17.13],[35.131,-16.537],[35.376,-16.141],[35.797,-16.005],[35.855,-14.668],[34.893,-13.535],[34.544,-13.326],[34.353,-12.199],[34.605,-11.592],[34.965,-11.573],[36.2,-11.701],[37.032,-11.565],[37.428,-11.723],[38.115,-11.249],[38.493,-11.413],[40.009,-10.811],[40.437,-10.475],[40.621,-10.84],[40.398,-11.311],[40.538,-11.997],[40.542,-13.658],[40.844,-14.464],[40.574,-15.506],[39.854,-16.429],[39.073,-16.992],[37.91,-17.355],[37.212,-17.745],[36.416,-18.775],[35.675,-19.119],[35.34,-19.521],[34.778,-19.815],[34.663,-20.428],[35.12,-20.967],[35.311,-22.414],[35.498,-22.096],[35.52,-22.908],[35.394,-23.842],[35.498,-24.101],[35.106,-24.599],[33.731,-25.105],[32.874,-25.544],[32.593,-25.97],[32.881,-26.277],[32.892,-26.846],[32.114,-26.839]],[[34.695,-12],[34.681,-12.009],[34.695,-12],[34.695,-12]],[[34.562,-11.978],[34.541,-11.995],[34.562,-11.978],[34.562,-11.978]]]}},{"type":"Feature","properties":{"name":"Myanmar"},"geometry":{"type":"Polygon","coordinates":[[[92.577,21.977],[92.98,21.996],[93.167,22.386],[93.138,23.031],[93.376,23.129],[93.308,23.977],[94.1,23.843],[94.715,25.067],[94.607,25.395],[95.14,26.03],[95.039,26.476],[96.144,27.258],[96.76,27.342],[97.34,27.901],[97.325,28.217],[97.545,28.539],[98.128,28.124],[98.294,27.536],[98.675,27.587],[98.754,26.624],[98.549,26.121],[98.693,25.88],[97.703,25.074],[97.538,24.745],[97.624,23.847],[98.182,24.119],[98.585,24.076],[98.859,23.18],[99.478,23.067],[99.143,22.153],[99.942,22.045],[99.95,21.721],[100.623,21.469],[101.084,21.766],[101.159,21.552],[100.724,21.312],[100.101,20.318],[99.939,20.446],[98.988,19.799],[98.531,19.676],[98.045,19.808],[97.768,19.397],[97.746,18.572],[97.379,18.521],[97.674,17.83],[98.42,17.03],[98.682,16.273],[98.567,15.453],[98.164,15.125],[98.549,14.377],[99.154,13.715],[99.093,13.038],[99.395,12.591],[99.629,11.826],[99.212,11.108],[98.765,10.689],[98.747,10.35],[98.542,9.987],[98.459,10.715],[98.708,10.912],[98.769,11.761],[98.567,12.292],[98.693,12.726],[97.793,14.88],[97.714,16.579],[97.372,16.483],[97.07,17.251],[96.616,16.518],[95.889,16.245],[95.417,15.723],[94.658,15.855],[94.722,16.378],[94.208,16.044],[94.614,17.545],[94.254,18.627],[93.678,19.019],[93.923,19.463],[93.376,20.088],[93.135,19.848],[92.732,20.258],[92.264,21.06],[92.235,21.417],[92.602,21.42],[92.577,21.977]]]}},{"type":"Feature","properties":{"name":"Namibia"},"geometry":{"type":"Polygon","coordinates":[[[16.486,-28.574],[15.676,-27.932],[15.295,-27.322],[14.841,-25.764],[14.845,-25.026],[14.474,-24.16],[14.51,-22.549],[13.387,-20.816],[13.156,-20.154],[12.451,-18.905],[12.033,-18.505],[11.716,-17.547],[11.767,-17.253],[12.566,-17.235],[13.167,-16.951],[13.941,-17.409],[18.452,-17.39],[18.762,-17.748],[20.806,-18.032],[21.382,-18.013],[23.38,-17.642],[24.388,-17.471],[25.26,-17.794],[24.219,-18.013],[23.578,-18.467],[23.312,-18.01],[20.976,-18.319],[20.972,-22],[19.978,-22],[19.982,-24.752],[19.982,-28.422],[19.579,-28.525],[19.122,-28.957],[18.168,-28.901],[17.404,-28.704],[17.347,-28.227],[16.918,-28.059],[16.486,-28.574]]]}},{"type":"Feature","properties":{"name":"Nauru","tiny":true},"geometry":{"type":"Polygon","coordinates":[[[167.011,-0.179],[167.213,-0.258],[167.213,-0.482],[167.134,-0.729],[167.011,-0.864],[166.764,-0.819],[166.651,-0.561],[166.73,-0.291],[167.011,-0.179]]]}},{"type":"Feature","properties":{"name":"Nepal"},"geometry":{"type":"Polygon","coordinates":[[[88.12,27.86],[87.969,27.111],[88.17,26.744],[88.008,26.369],[87.328,26.352],[87.029,26.58],[86.712,26.415],[85.83,26.567],[84.639,27.028],[84.577,27.328],[84.081,27.509],[83.854,27.345],[82.731,27.518],[82.05,27.906],[81.309,28.124],[81.147,28.372],[80.038,28.836],[80.477,29.806],[80.995,30.197],[81.388,30.375],[82.072,30.338],[82.144,30.069],[83.163,29.625],[83.515,29.191],[84.091,29.257],[84.678,28.605],[85.161,28.595],[85.081,28.318],[85.693,28.335],[85.963,27.891],[86.543,28.093],[87.115,27.845],[88.12,27.86]]]}},{"type":"Feature","properties":{"name":"Netherlands"},"geometry":{"type":"Polygon","coordinates":[[[7.195,53.245],[7.018,52.627],[6.77,52.64],[6.741,52.453],[6.975,52.451],[7.025,52.23],[6.676,52.034],[6.745,51.909],[6.381,51.828],[6.125,51.897],[5.938,51.732],[6.194,51.509],[5.996,50.751],[5.69,50.761],[5.83,51.156],[5.47,51.288],[5.215,51.259],[5.027,51.477],[4.732,51.485],[4.261,51.369],[3.829,51.391],[3.451,51.529],[4.178,51.686],[3.98,51.809],[4.408,52.223],[4.595,52.507],[4.747,52.968],[4.912,52.905],[5.38,53.098],[5.611,53.307],[5.981,53.407],[6.73,53.461],[7.195,53.245]]]}},{"type":"Feature","properties":{"name":"New Caledonia"},"geometry":{"type":"Polygon","coordinates":[[[167.033,-22.238],[166.917,-22.395],[166.352,-22.224],[166.003,-21.964],[165.276,-21.566],[164.711,-21.09],[164.657,-20.946],[164.365,-20.759],[164.192,-20.526],[164.181,-20.247],[164.495,-20.3],[165.06,-20.733],[165.218,-20.764],[165.621,-21.269],[165.909,-21.379],[166.37,-21.659],[166.683,-21.973],[167.029,-22.226],[167.033,-22.238]]]}},{"type":"Feature","properties":{"name":"New Zealand"},"geometry":{"type":"MultiPolygon","coordinates":[[[[172.75,-43.279],[173.066,-43.647],[172.876,-43.902],[172.418,-43.737],[171.346,-44.279],[171.194,-44.926],[170.626,-45.729],[169.635,-46.579],[168.419,-46.602],[167.699,-46.189],[166.763,-46.219],[166.489,-45.807],[167.202,-44.949],[168.339,-44.119],[169.733,-43.566],[171.122,-42.592],[171.49,-41.831],[171.857,-41.665],[172.105,-40.887],[172.757,-40.517],[173.214,-41.302],[173.855,-40.925],[174.319,-41.027],[174.049,-41.437],[174.287,-41.755],[173.56,-42.491],[173.279,-42.96],[172.746,-43.266],[172.75,-43.279]]],[[[176.954,-39.607],[177.12,-39.668],[176.612,-40.485],[175.968,-41.246],[175.331,-41.609],[174.6,-41.256],[175.14,-40.674],[175.237,-40.286],[174.967,-39.916],[173.783,-39.394],[173.851,-39.134],[174.578,-38.84],[174.866,-37.781],[174.409,-36.761],[174.51,-36.228],[174.024,-36.268],[173.099,-35.22],[173.156,-34.945],[172.674,-34.48],[173.081,-34.411],[173.164,-34.845],[174.352,-35.2],[174.496,-35.988],[174.823,-36.277],[174.82,-36.824],[175.601,-37.228],[175.504,-36.653],[175.853,-36.718],[176.17,-37.624],[176.717,-37.878],[177.437,-37.977],[178.031,-37.55],[178.567,-37.7],[178.301,-38.531],[177.865,-39.097],[177.066,-39.2],[176.951,-39.588],[176.954,-39.607]]],[[[168.199,-47.048],[167.522,-47.273],[167.922,-46.684],[168.199,-47.042],[168.199,-47.048]]]]}},{"type":"Feature","properties":{"name":"Nicaragua"},"geometry":{"type":"Polygon","coordinates":[[[-85.701,11.081],[-86.496,11.76],[-86.799,12.219],[-87.648,12.873],[-87.313,12.982],[-87.036,12.979],[-86.701,13.315],[-86.766,13.746],[-86.359,13.752],[-86.097,14.044],[-85.823,13.847],[-84.793,14.821],[-84.473,14.622],[-83.13,14.997],[-83.299,14.771],[-83.191,14.387],[-83.433,13.957],[-83.569,13.286],[-83.494,12.4],[-83.616,12.347],[-83.652,11.611],[-83.868,11.375],[-83.645,10.926],[-83.933,10.718],[-84.192,10.782],[-84.354,10.995],[-84.678,11.071],[-84.93,10.943],[-85.596,11.209],[-85.701,11.081]]]}},{"type":"Feature","properties":{"name":"Niger"},"geometry":{"type":"Polygon","coordinates":[[[3.595,11.696],[2.846,12.4],[2.36,12.219],[2.389,11.897],[2.05,12.342],[2.108,12.705],[1.535,12.648],[0.97,13.067],[0.952,13.583],[0.621,13.68],[0.153,14.546],[0.218,14.911],[0.974,14.992],[1.33,15.284],[3.508,15.355],[3.847,15.686],[4.185,16.415],[4.228,19.142],[5.837,19.478],[7.483,20.873],[11.968,23.517],[13.484,23.18],[14.233,22.617],[14.982,22.996],[15.18,21.508],[15.972,20.336],[15.738,19.904],[15.453,16.876],[14.37,15.75],[13.448,14.38],[13.606,13.703],[13.362,13.715],[12.487,13.07],[11.439,13.364],[10.676,13.376],[9.931,13.146],[9.639,12.822],[8.678,12.923],[7.756,13.327],[6.935,12.996],[6.37,13.626],[5.553,13.874],[4.505,13.695],[4.127,13.474],[4.088,12.996],[3.645,12.528],[3.595,11.696]]]}},{"type":"Feature","properties":{"name":"Nigeria"},"geometry":{"type":"Polygon","coordinates":[[[3.595,11.696],[3.645,12.528],[4.088,12.996],[4.127,13.474],[4.505,13.695],[5.553,13.874],[6.37,13.626],[6.935,12.996],[7.756,13.327],[8.678,12.923],[9.639,12.822],[9.931,13.146],[10.676,13.376],[11.439,13.364],[12.487,13.07],[13.362,13.715],[13.606,13.703],[14.064,13.079],[14.179,12.386],[14.668,12.167],[14.593,11.496],[13.981,11.277],[13.246,10.08],[13.196,9.543],[12.854,9.379],[12.807,8.832],[12.228,8.386],[12.199,7.976],[11.346,6.442],[10.604,7.059],[10.118,6.995],[8.843,5.831],[8.901,5.571],[8.595,4.815],[8.231,4.933],[8.3,4.553],[7.281,4.602],[7.025,4.398],[6.19,4.281],[5.567,4.675],[5.377,5.399],[4.887,6.007],[4.405,6.358],[2.705,6.368],[2.781,7.042],[2.669,7.898],[2.77,9.056],[3.076,9.095],[3.134,9.457],[3.512,9.847],[3.832,10.684],[3.483,11.392],[3.595,11.696]]]}},{"type":"Feature","properties":{"name":"Niue","tiny":true},"geometry":{"type":"Polygon","coordinates":[[[-169.809,-18.719],[-169.713,-18.722],[-169.701,-18.742],[-169.59,-19.029],[-169.548,-19.113],[-169.602,-19.132],[-169.701,-19.239],[-169.866,-19.342],[-169.893,-19.331],[-169.988,-19.396],[-170.004,-19.358],[-170.126,-19.342],[-170.073,-19.293],[-170.084,-19.228],[-170.184,-19.182],[-170.184,-19.117],[-170.099,-18.994],[-170.126,-18.929],[-170.115,-18.879],[-170.057,-18.86],[-169.977,-18.719],[-169.851,-18.711],[-169.809,-18.719]]]}},{"type":"Feature","properties":{"name":"Norfolk Island","tiny":true},"geometry":{"type":"Polygon","coordinates":[[[168.185,-28.875],[168.297,-28.939],[168.273,-29.074],[168.217,-29.21],[168.073,-29.273],[168.042,-29.369],[168.01,-29.25],[167.93,-29.178],[167.842,-29.178],[167.787,-29.266],[167.723,-29.266],[167.723,-29.17],[167.667,-29.019],[167.755,-28.883],[167.723,-28.804],[167.612,-28.819],[167.723,-28.708],[167.898,-28.74],[168.042,-28.835],[168.185,-28.875]]]}},{"type":"Feature","properties":{"name":"North Korea"},"geometry":{"type":"Polygon","coordinates":[[[128.365,38.625],[128.174,38.357],[127.159,38.308],[126.669,37.828],[125.647,38.027],[125.621,37.766],[124.991,37.953],[124.981,38.585],[125.445,39.311],[125.287,39.522],[124.322,39.913],[124.369,40.098],[124.894,40.484],[126.014,40.91],[126.91,41.796],[127.105,41.538],[128.145,41.376],[128.303,41.583],[128.033,41.994],[128.905,42.026],[129.34,42.445],[129.704,42.443],[129.862,42.97],[130.122,42.982],[130.532,42.531],[130.701,42.294],[129.898,41.904],[129.718,40.835],[129.218,40.697],[128.663,40.201],[127.522,39.746],[127.439,39.17],[127.771,39.11],[128.365,38.625]]]}},{"type":"Feature","properties":{"name":"Northern Cyprus"},"geometry":{"type":"Polygon","coordinates":[[[33.907,35.069],[33.921,35.081],[33.907,35.091],[33.889,35.12],[33.875,35.12],[33.871,35.086],[33.878,35.077],[33.853,35.059],[33.824,35.067],[33.799,35.052],[33.795,35.04],[33.767,35.032],[33.741,35.047],[33.709,35.03],[33.72,35.062],[33.705,35.067],[33.673,35.047],[33.68,35.033],[33.59,35.033],[33.54,35.072],[33.493,35.057],[33.464,35.015],[33.479,35.094],[33.399,35.197],[33.374,35.174],[33.317,35.162],[33.191,35.191],[33.097,35.17],[32.989,35.131],[32.924,35.099],[32.87,35.098],[32.856,35.079],[32.795,35.126],[32.73,35.143],[32.712,35.182],[32.827,35.148],[32.913,35.201],[32.921,35.398],[33.428,35.329],[33.659,35.359],[34.037,35.471],[34.181,35.554],[34.321,35.586],[34.544,35.679],[34.573,35.643],[34.137,35.415],[34.044,35.315],[33.95,35.312],[33.9,35.165],[34.011,35.064],[33.907,35.069]]]}},{"type":"Feature","properties":{"name":"Northern Mariana Islands","tiny":true},"geometry":{"type":"Polygon","coordinates":[[[145.893,15.507],[145.936,15.526],[146.006,15.519],[146.033,15.488],[145.936,15.414],[145.835,15.203],[145.878,15.126],[145.835,15.067],[145.765,15.094],[145.695,15.001],[145.695,14.947],[145.753,14.841],[145.695,14.841],[145.613,14.877],[145.527,14.857],[145.484,14.869],[145.473,14.923],[145.527,15.126],[145.527,15.223],[145.586,15.309],[145.667,15.336],[145.683,15.414],[145.835,15.468],[145.893,15.507]]]}},{"type":"Feature","properties":{"name":"Norway"},"geometry":{"type":"MultiPolygon","coordinates":[[[[20.623,69.036],[20.245,68.477],[19.932,68.351],[18.16,68.53],[17.894,67.969],[17.322,68.106],[16.126,67.422],[16.414,67.052],[15.428,66.492],[15.482,66.276],[14.539,66.125],[14.514,65.318],[13.642,64.584],[14.114,64.442],[13.941,64.009],[13.236,64.091],[12.681,63.957],[11.994,63.288],[12.224,63.001],[12.091,62.586],[12.318,62.235],[12.163,61.725],[12.89,61.35],[12.256,60.982],[12.595,60.514],[12.512,60.117],[11.85,59.872],[11.81,59.249],[11.439,58.991],[10.824,59.163],[10.597,59.423],[10.262,59.038],[9.689,58.957],[8.501,58.256],[7.58,58.017],[6.543,58.108],[5.477,58.755],[6.043,59.384],[5.373,59.307],[5.2,59.54],[5.729,59.648],[5.855,60.024],[5.171,60.279],[5.751,60.718],[5.251,60.563],[5.017,61.046],[5.434,61.027],[4.948,61.416],[5.002,61.752],[5.427,61.938],[5.171,62.214],[5.927,62.199],[6.691,62.449],[6.32,62.608],[6.971,62.726],[8.476,63.293],[9.7,63.645],[10.093,63.439],[10.798,63.417],[10.91,63.731],[9.981,63.493],[9.545,63.665],[10.168,64.199],[11.518,64.573],[11.403,64.923],[12.638,65.131],[12.35,65.639],[13.25,66.634],[14.226,66.983],[14.726,67.488],[15.468,67.577],[15.385,67.804],[14.809,67.826],[15.968,68.008],[15.28,68.037],[17.541,68.428],[16.533,68.439],[16.63,68.641],[17.696,68.891],[18.301,69.487],[20.169,69.941],[20.511,69.769],[21.289,70.021],[22.099,69.751],[21.84,70.055],[21.21,70.208],[21.552,70.321],[22.966,70.208],[23.11,69.957],[23.514,70.365],[24.352,70.691],[24.576,70.936],[25.245,70.791],[25.926,70.857],[25.245,70.527],[25.011,70.134],[26.376,70.868],[26.736,70.838],[26.505,70.37],[27.535,70.847],[27.524,71.074],[28.55,70.973],[27.848,70.483],[28.392,70.494],[28.795,70.874],[30.458,70.561],[31.077,70.284],[30.134,70.073],[28.755,70.168],[29.684,69.97],[29.68,69.735],[30.84,69.806],[30.854,69.528],[30.231,69.637],[29.947,69.366],[28.953,69.028],[29.346,69.464],[29.13,69.675],[28.406,69.803],[27.898,70.071],[26.502,69.918],[25.962,69.653],[25.652,68.883],[24.86,68.564],[23.928,68.817],[23.197,68.618],[22.43,68.71],[21.663,69.263],[20.623,69.036]]],[[[20.209,78.638],[18.992,78.467],[18.92,78.178],[18.33,77.905],[18.193,77.489],[17.746,77.499],[16.81,76.567],[15.5,76.876],[16.357,76.986],[15.345,77.008],[14.373,77.199],[13.912,77.535],[16.684,77.866],[13.718,77.768],[13.588,78.055],[15.036,78.116],[15.795,78.342],[16.936,78.352],[15.439,78.459],[14.816,78.734],[14.384,78.501],[14.733,78.391],[13.855,78.212],[13.009,78.204],[12.019,78.614],[12.249,78.901],[11.281,79.1],[10.708,79.561],[11.821,79.845],[12.332,79.668],[13.797,79.882],[13.477,79.587],[13.884,79.543],[14.55,79.811],[15.262,79.619],[15.496,79.33],[16.35,78.916],[15.961,79.31],[15.716,79.877],[16.54,80.048],[18.099,79.727],[18.88,79.441],[18.945,79.158],[19.788,79.164],[19.906,79.014],[21.523,78.854],[21.393,78.671],[20.22,78.646],[20.209,78.638]]],[[[27.171,80.073],[27.15,79.855],[25.825,79.625],[25.828,79.441],[24.288,79.31],[24.054,79.188],[22.927,79.224],[22.894,79.419],[20.817,79.379],[19.633,79.612],[21.85,79.706],[21.886,79.823],[18.783,79.723],[18.193,79.901],[18.837,80.031],[18.009,80.191],[19.33,80.091],[20.389,80.424],[20.882,80.211],[21.847,80.272],[22.369,80.009],[22.75,80.505],[23.359,80.433],[23.006,80.169],[23.766,80.309],[26.808,80.174],[27.24,80.097],[27.171,80.073]]],[[[24.424,77.825],[23.233,77.263],[22.43,77.263],[22.779,77.555],[20.864,77.456],[21.663,77.918],[20.878,78.085],[21.696,78.21],[22.966,78.256],[23.121,77.986],[24.406,77.866],[24.424,77.825]]],[[[12.141,78.237],[11.122,78.438],[10.525,78.788],[10.845,78.879],[11.259,78.528],[12.134,78.253],[12.141,78.237]]],[[[21.026,78.219],[20.184,78.496],[21.177,78.622],[22.225,78.499],[22.272,78.268],[21.015,78.21],[21.026,78.219]]],[[[18.07,69.438],[17.959,69.18],[17.109,69.085],[16.951,69.398],[17.836,69.592],[18.049,69.443],[18.07,69.438]]],[[[16.53,68.722],[15.626,68.3],[15.453,68.812],[16.533,68.741],[16.53,68.722]]],[[[-7.961,71.174],[-8.005,71.032],[-9.117,70.875],[-7.983,71.181],[-7.961,71.174]]],[[[14.398,68.66],[15.295,68.906],[15.338,68.653],[14.409,68.661],[14.398,68.66]]],[[[19.618,70.017],[19.122,69.788],[18.729,69.948],[19.608,70.009],[19.618,70.017]]]]}},{"type":"Feature","properties":{"name":"Oman"},"geometry":{"type":"MultiPolygon","coordinates":[[[[56.382,24.978],[56.612,24.497],[57.152,23.953],[58.787,23.512],[59.55,22.555],[59.845,22.445],[59.338,21.437],[58.679,20.829],[58.466,20.37],[58.265,20.588],[57.822,20.201],[57.7,19.755],[57.84,19.016],[56.915,18.81],[56.346,17.938],[55.432,17.825],[55.028,17.011],[54.085,17.011],[53.092,16.643],[51.979,18.995],[54.978,19.995],[55.637,21.979],[55.187,22.703],[55.19,22.996],[55.54,23.771],[55.457,23.963],[55.997,24.081],[55.756,24.23],[55.788,24.855],[56.033,24.753],[56.382,24.978]]],[[[56.076,26.06],[56.454,26.319],[56.278,25.628],[56.076,26.06]]]]}},{"type":"Feature","properties":{"name":"Pakistan"},"geometry":{"type":"Polygon","coordinates":[[[77.05,35.111],[76.553,34.726],[75.797,34.508],[74.285,34.768],[73.774,34.372],[73.947,34.01],[74.001,33.178],[74.368,32.764],[74.685,32.832],[74.724,32.46],[75.358,32.263],[74.49,31.71],[74.508,31.156],[73.842,30.353],[73.943,30.189],[73.371,29.927],[72.903,29.022],[72.381,28.784],[71.862,27.95],[70.833,27.702],[70.509,28.029],[70.102,27.811],[69.576,27.188],[69.464,26.808],[70.159,26.53],[70.066,25.981],[70.645,25.431],[71.063,24.682],[70.757,24.232],[70.563,24.424],[69.972,24.166],[68.726,24.289],[68.723,23.965],[68.183,23.842],[67.492,23.884],[67.254,24.74],[66.678,24.831],[66.718,25.231],[66.361,25.466],[64.439,25.235],[63.737,25.385],[63.506,25.196],[62.477,25.258],[61.721,25.037],[61.588,25.203],[61.818,26.199],[62.297,26.51],[63.1,26.638],[63.319,27.117],[62.786,27.232],[62.74,28.259],[61.894,28.543],[60.846,29.858],[62.477,29.407],[63.568,29.498],[64.086,29.387],[66.196,29.836],[66.365,30.923],[66.944,31.315],[67.751,31.329],[67.567,31.53],[68.14,31.825],[68.777,31.619],[69.299,31.938],[69.227,32.421],[69.547,33.075],[70.303,33.352],[69.842,33.943],[71.063,34.054],[70.969,34.469],[71.639,35.191],[71.517,35.702],[71.171,36.026],[71.61,36.459],[72.629,36.833],[74.544,37.021],[75.099,36.994],[75.977,36.462],[75.901,36.114],[76.189,35.805],[76.776,35.646],[77.05,35.111]]]}},{"type":"Feature","properties":{"name":"Palau","tiny":true},"geometry":{"type":"Polygon","coordinates":[[[134.71,7.868],[134.736,7.805],[134.743,7.718],[134.71,7.568],[134.669,7.518],[134.69,7.481],[134.664,7.413],[134.61,7.318],[134.623,7.246],[134.61,7.214],[134.549,7.233],[134.523,7.201],[134.477,7.218],[134.436,7.35],[134.403,7.361],[134.423,7.427],[134.456,7.45],[134.469,7.427],[134.51,7.463],[134.456,7.514],[134.523,7.577],[134.523,7.614],[134.564,7.674],[134.69,7.703],[134.697,7.733],[134.682,7.831],[134.664,7.887],[134.703,7.881],[134.71,7.868]]]}},{"type":"Feature","properties":{"name":"Panama"},"geometry":{"type":"Polygon","coordinates":[[[-82.572,9.576],[-82.101,8.931],[-81.773,8.997],[-81.305,8.781],[-80.823,8.891],[-80.103,9.222],[-79.534,9.624],[-79.059,9.458],[-78.439,9.404],[-78.036,9.237],[-77.374,8.665],[-77.421,8.457],[-77.165,7.939],[-77.341,7.707],[-77.734,7.552],[-77.896,7.234],[-78.396,7.917],[-78.097,8.476],[-78.389,8.335],[-78.789,8.834],[-79.084,8.989],[-79.703,8.871],[-79.969,8.443],[-80.387,8.312],[-80.455,8.036],[-79.995,7.503],[-80.473,7.253],[-80.931,7.256],[-81.089,7.842],[-81.201,7.624],[-81.525,7.712],[-81.751,8.192],[-82.198,8.202],[-82.281,8.344],[-82.864,8.254],[-82.896,8.035],[-83.055,8.315],[-82.871,8.438],[-82.925,8.741],[-82.72,8.92],[-82.939,9.06],[-82.943,9.457],[-82.572,9.576]]]}},{"type":"Feature","properties":{"name":"Papua New Guinea"},"geometry":{"type":"MultiPolygon","coordinates":[[[[140.976,-2.6],[143.028,-3.356],[143.524,-3.436],[143.996,-3.794],[144.514,-3.817],[145.81,-4.869],[145.728,-5.423],[146.462,-5.599],[147.042,-5.938],[147.448,-5.962],[147.826,-6.335],[147.855,-6.691],[146.962,-6.747],[147.182,-7.449],[147.726,-7.932],[148.147,-8.046],[148.237,-8.569],[148.622,-9.084],[149.328,-9.047],[149.187,-9.391],[150.012,-9.643],[149.853,-10.014],[150.8,-10.251],[150.347,-10.366],[150.692,-10.556],[150.21,-10.702],[150.069,-10.455],[149.068,-10.234],[147.718,-10.099],[147.052,-9.461],[146.106,-8.093],[144.885,-7.782],[144.655,-7.561],[144.216,-7.796],[143.744,-7.524],[143.913,-8.008],[142.981,-8.336],[143.406,-8.962],[142.653,-9.331],[142.21,-9.158],[141.62,-9.234],[140.976,-9.106],[140.976,-2.6]]],[[[152.417,-4.346],[152.388,-4.792],[151.992,-4.972],[152.15,-5.369],[151.059,-6.029],[150.465,-6.274],[149.634,-6.308],[148.384,-5.774],[148.446,-5.45],[149.223,-5.599],[151.013,-5.411],[151.369,-4.903],[151.697,-4.819],[151.542,-4.177],[152.413,-4.329],[152.417,-4.346]]],[[[153.137,-4.27],[152.899,-4.849],[152.694,-4.182],[152.287,-3.569],[150.876,-2.713],[150.833,-2.566],[152.053,-3.247],[153.129,-4.248],[153.137,-4.27]]],[[[155.934,-6.641],[155.718,-6.874],[155.189,-6.554],[154.757,-5.948],[155.07,-5.551],[155.93,-6.63],[155.934,-6.641]]]]}},{"type":"Feature","properties":{"name":"Paraguay"},"geometry":{"type":"Polygon","coordinates":[[[-62.65,-22.235],[-62.275,-21.066],[-62.279,-20.58],[-61.76,-19.658],[-60.007,-19.298],[-59.089,-19.286],[-58.175,-19.822],[-58.16,-20.164],[-57.851,-21.037],[-57.844,-22.143],[-56.666,-22.26],[-56.422,-22.074],[-55.874,-22.317],[-55.399,-23.977],[-54.64,-23.805],[-54.244,-24.05],[-54.6,-25.575],[-54.816,-26.665],[-55.432,-26.996],[-55.756,-27.444],[-56.123,-27.299],[-56.368,-27.581],[-58.654,-27.197],[-58.247,-26.758],[-58.171,-26.27],[-57.556,-25.46],[-57.764,-25.168],[-58.808,-24.776],[-60.032,-24.008],[-61.008,-23.805],[-61.746,-23.234],[-62.65,-22.235]]]}},{"type":"Feature","properties":{"name":"Peru"},"geometry":{"type":"Polygon","coordinates":[[[-69.511,-17.507],[-69.857,-17.735],[-69.986,-18.265],[-70.393,-18.337],[-71.387,-17.687],[-71.513,-17.285],[-72.384,-16.745],[-73.702,-16.22],[-75.192,-15.362],[-75.93,-14.65],[-76.29,-14.08],[-76.182,-13.54],[-76.791,-12.382],[-77.143,-12.024],[-77.32,-11.494],[-77.647,-11.293],[-77.763,-10.761],[-78.169,-10.094],[-78.76,-8.608],[-79.465,-7.716],[-79.987,-6.757],[-81.132,-6.034],[-80.855,-5.651],[-81.197,-5.209],[-81.265,-4.253],[-80.34,-3.393],[-80.164,-3.89],[-80.481,-3.998],[-80.488,-4.396],[-80.139,-4.283],[-79.501,-4.542],[-79.062,-5.011],[-78.414,-3.772],[-78.349,-3.39],[-77.784,-2.958],[-76.625,-2.537],[-75.559,-1.502],[-75.271,-0.526],[-75.639,-0.111],[-75.282,-0.108],[-74.422,-0.538],[-74.346,-0.859],[-73.637,-1.256],[-73.533,-1.675],[-73.187,-1.799],[-72.928,-2.426],[-72.377,-2.451],[-71.74,-2.137],[-71.419,-2.375],[-70.905,-2.211],[-70.051,-2.715],[-70.735,-3.782],[-70.311,-3.829],[-69.965,-4.236],[-70.775,-4.155],[-70.969,-4.385],[-71.891,-4.513],[-72.917,-5.133],[-73.234,-6.078],[-73.126,-6.391],[-73.767,-6.904],[-73.713,-7.304],[-74.019,-7.544],[-73.713,-7.789],[-73.54,-8.36],[-72.96,-9.086],[-73.216,-9.408],[-72.312,-9.533],[-72.197,-10.006],[-71.196,-9.94],[-70.527,-9.43],[-70.638,-9.852],[-70.642,-11.011],[-69.576,-10.952],[-68.683,-12.502],[-68.982,-12.868],[-69.101,-13.667],[-68.863,-14.192],[-69.385,-14.982],[-69.148,-15.234],[-69.425,-15.656],[-69.22,-16.152],[-68.845,-16.303],[-69.666,-17.289],[-69.511,-17.507]]]}},{"type":"Feature","properties":{"name":"Philippines"},"geometry":{"type":"MultiPolygon","coordinates":[[[[122.299,18.404],[122.14,17.798],[122.529,17.109],[122.205,16.236],[121.579,15.932],[121.381,15.308],[121.726,14.72],[121.78,14.126],[122.23,13.906],[122.389,14.304],[122.853,14.279],[123.08,13.989],[123.933,13.791],[123.526,13.605],[124.081,13.009],[124.095,12.557],[123.299,13.019],[123.17,13.448],[122.536,13.962],[122.587,13.175],[122.32,13.592],[121.726,13.968],[121.431,13.658],[121.046,13.627],[120.574,14.174],[120.981,14.516],[120.553,14.85],[120.599,14.505],[120.081,14.804],[119.757,16.216],[120.398,16.153],[120.275,16.611],[120.437,17.008],[120.333,17.557],[120.56,18.487],[121.107,18.642],[121.975,18.286],[122.288,18.409],[122.299,18.404]]],[[[126.568,7.3],[126.079,6.843],[125.809,7.351],[125.387,6.768],[125.708,6.15],[125.402,5.581],[124.099,6.365],[124.066,7.603],[123.443,7.802],[123.418,7.373],[122.821,7.459],[122.511,7.695],[122.119,6.897],[121.899,7.057],[122.252,7.981],[122.925,8.15],[123.083,8.519],[123.76,8.607],[123.872,8.153],[124.232,8.212],[124.405,8.607],[124.754,8.501],[124.79,8.991],[125.117,8.83],[125.528,9.026],[125.398,9.681],[125.935,9.492],[126.313,8.957],[126.111,8.607],[126.403,8.503],[126.392,7.858],[126.579,7.321],[126.568,7.3]]],[[[119.671,10.552],[119.195,10.056],[118.796,9.945],[118.493,9.308],[117.197,8.335],[117.655,9.058],[118.133,9.343],[119.012,10.406],[119.501,11.424],[119.663,10.571],[119.671,10.552]]],[[[123.573,10.831],[123.155,9.867],[123.321,9.343],[123.033,9.036],[122.396,9.837],[122.878,10.119],[122.813,10.515],[123.213,10.997],[123.569,10.834],[123.573,10.831]]],[[[125.711,11.149],[125.251,11.095],[124.275,12.533],[125.168,12.579],[125.499,12.248],[125.467,11.611],[125.708,11.177],[125.711,11.149]]],[[[123.17,11.481],[123.109,11.152],[122.59,10.699],[121.949,10.433],[122.086,11.724],[121.96,11.934],[123.148,11.476],[123.17,11.481]]],[[[121.525,12.704],[121.244,12.214],[120.797,12.729],[120.401,13.528],[121.197,13.442],[121.528,13.141],[121.521,12.712],[121.525,12.704]]],[[[124.048,10.834],[123.973,10.326],[123.314,9.507],[123.422,10.037],[124.073,11.268],[124.052,10.845],[124.048,10.834]]],[[[125.272,10.323],[124.779,10.152],[124.801,10.725],[124.401,10.929],[124.329,11.557],[124.631,11.304],[124.984,11.382],[125.013,10.755],[125.272,10.35],[125.272,10.323]]],[[[124.055,11.8],[123.411,12.189],[123.181,11.93],[123.231,12.58],[123.98,12.091],[124.055,11.81],[124.055,11.8]]],[[[124.567,9.87],[124.293,9.607],[123.8,9.757],[124.167,10.137],[124.585,9.877],[124.567,9.87]]]]}},{"type":"Feature","properties":{"name":"Pitcairn Islands","tiny":true},"geometry":{"type":"Polygon","coordinates":[[[-128.393,-24.026],[-128.191,-24.104],[-128.082,-24.346],[-128.082,-24.595],[-128.168,-24.711],[-128.331,-24.618],[-128.502,-24.392],[-128.557,-24.159],[-128.393,-24.026]]]}},{"type":"Feature","properties":{"name":"Poland"},"geometry":{"type":"Polygon","coordinates":[[[18.834,49.51],[18.546,49.913],[17.876,49.969],[16.864,50.423],[16.976,50.232],[16.702,50.096],[16,50.636],[15.003,51.021],[14.809,50.859],[15.021,51.273],[14.586,51.804],[14.762,52.076],[14.643,52.576],[14.125,52.851],[14.402,53.279],[14.265,53.701],[14.2,53.878],[14.211,53.939],[16.137,54.29],[16.569,54.557],[18.315,54.839],[18.589,54.434],[19.611,54.457],[22.768,54.356],[23.431,54.17],[23.485,53.939],[23.895,53.152],[23.87,52.671],[23.164,52.289],[23.636,52.085],[23.607,51.517],[24.129,50.839],[24.108,50.538],[23.103,49.957],[22.642,49.528],[22.538,49.072],[22.012,49.211],[21.84,49.371],[21.274,49.447],[20.943,49.295],[20.691,49.4],[20.306,49.386],[20.05,49.174],[19.435,49.596],[19.172,49.402],[18.834,49.51]]]}},{"type":"Feature","properties":{"name":"Portugal"},"geometry":{"type":"Polygon","coordinates":[[[-7.414,37.193],[-7.821,36.999],[-8.581,37.124],[-8.998,37.021],[-8.797,37.49],[-8.894,37.953],[-8.775,38.188],[-8.955,38.505],[-9.2,38.412],[-9.491,38.708],[-9.34,39.267],[-9.092,39.579],[-8.685,40.783],[-8.667,41.133],[-8.879,41.737],[-8.75,41.968],[-8.221,42.154],[-8.181,41.811],[-7.443,41.806],[-6.572,41.943],[-6.543,41.659],[-6.205,41.57],[-6.943,41.016],[-6.853,40.41],[-7.043,40.182],[-6.881,40.01],[-7.036,39.689],[-7.558,39.68],[-7.245,39.196],[-6.975,39.024],[-7.36,38.446],[-7.025,38.022],[-7.267,37.983],[-7.529,37.566],[-7.414,37.193]]]}},{"type":"Feature","properties":{"name":"Puerto Rico"},"geometry":{"type":"Polygon","coordinates":[[[-65.63,18.279],[-65.591,18.23],[-65.738,18.183],[-65.832,18.026],[-65.94,17.97],[-66.016,17.975],[-66.196,17.928],[-66.318,17.97],[-66.397,17.947],[-66.469,17.992],[-66.592,17.964],[-66.764,17.984],[-66.923,17.95],[-67.067,17.972],[-67.114,17.95],[-67.214,17.994],[-67.175,18.176],[-67.196,18.291],[-67.272,18.362],[-67.16,18.421],[-67.171,18.485],[-67.103,18.523],[-66.908,18.485],[-66.642,18.497],[-66.466,18.475],[-66.257,18.482],[-66.109,18.421],[-66.12,18.474],[-66.012,18.443],[-65.904,18.457],[-65.663,18.367],[-65.634,18.291],[-65.63,18.279]]]}},{"type":"Feature","properties":{"name":"Qatar"},"geometry":{"type":"Polygon","coordinates":[[[50.809,24.747],[50.852,24.89],[50.798,24.988],[50.759,25.186],[50.752,25.495],[50.878,25.631],[50.903,25.79],[51.047,26.054],[51.252,26.16],[51.331,26.121],[51.389,25.967],[51.493,25.952],[51.576,25.881],[51.59,25.713],[51.504,25.687],[51.472,25.522],[51.518,25.441],[51.518,25.297],[51.616,25.219],[51.587,24.953],[51.504,24.865],[51.432,24.664],[51.342,24.569],[51.346,24.635],[51.216,24.625],[51.097,24.561],[50.978,24.568],[50.881,24.637],[50.809,24.747]]]}},{"type":"Feature","properties":{"name":"Republic of Serbia"},"geometry":{"type":"Polygon","coordinates":[[[20.241,46.109],[20.785,45.753],[20.76,45.493],[21.494,45.145],[21.368,44.864],[22.128,44.503],[22.426,44.734],[22.765,44.582],[22.48,44.456],[22.693,44.228],[22.351,43.807],[22.531,43.465],[22.956,43.108],[22.506,42.87],[22.344,42.313],[22.261,42.369],[21.562,42.247],[21.598,42.372],[21.764,42.669],[21.379,42.744],[21.4,42.855],[21.26,42.887],[21.091,43.091],[20.839,43.171],[20.745,43.253],[20.598,43.184],[20.67,43.11],[20.475,42.966],[20.475,42.855],[20.346,42.828],[20.338,42.907],[20.115,42.977],[19.917,43.117],[19.597,43.176],[19.194,43.532],[19.482,43.561],[19.23,43.958],[19.618,44.035],[19.14,44.309],[19.129,44.518],[19.37,44.886],[19.017,44.866],[19.06,45.146],[19.392,45.17],[18.978,45.395],[18.902,45.932],[19.55,46.165],[20.241,46.109]]]}},{"type":"Feature","properties":{"name":"Republic of the Congo"},"geometry":{"type":"Polygon","coordinates":[[[18.625,3.477],[18.614,3.128],[18.074,2.16],[18.074,1.573],[17.865,1.017],[17.941,0.362],[17.75,-0.523],[16.828,-1.276],[16.231,-2.129],[16.209,-3.361],[15.91,-3.917],[15.205,-4.339],[14.83,-4.815],[14.402,-4.886],[14.388,-4.277],[13.394,-4.884],[13.074,-4.635],[12.854,-4.403],[12.008,-5.02],[11.824,-4.614],[11.115,-3.937],[11.482,-3.51],[11.839,-3.711],[11.565,-2.33],[12.458,-2.33],[12.422,-1.897],[12.818,-1.943],[13.012,-2.341],[13.459,-2.441],[13.743,-2.097],[14.082,-2.5],[14.406,-1.892],[14.499,-0.631],[13.83,-0.205],[13.873,0.196],[14.467,0.912],[14.251,1.331],[13.794,1.434],[13.25,1.221],[13.131,1.593],[13.293,2.16],[14.636,2.138],[16.159,1.735],[16.198,2.236],[16.598,3.501],[17.458,3.709],[18.625,3.477]]]}},{"type":"Feature","properties":{"name":"Romania"},"geometry":{"type":"Polygon","coordinates":[[[22.876,47.946],[24.543,47.944],[24.896,47.71],[25.263,47.899],[26.174,47.993],[26.617,48.258],[26.998,48.167],[27.272,47.715],[27.805,47.144],[28.028,47.032],[28.248,46.467],[28.082,46.014],[28.201,45.462],[28.791,45.234],[29.32,45.444],[29.659,45.216],[29.619,44.861],[28.788,44.706],[28.579,43.741],[27.384,44.015],[27.027,44.177],[26.116,43.998],[25.782,43.731],[25.36,43.654],[24.5,43.799],[24.158,43.753],[23.326,43.887],[22.92,43.834],[23.031,44.093],[22.693,44.228],[22.48,44.456],[22.765,44.582],[22.426,44.734],[22.128,44.503],[21.368,44.864],[21.494,45.145],[20.76,45.493],[20.785,45.753],[20.241,46.109],[21.145,46.284],[21.3,46.604],[22.272,47.723],[22.876,47.946]]]}},{"type":"Feature","properties":{"name":"Russia"},"geometry":{"type":"MultiPolygon","coordinates":[[[[-180,65.067],[179.896,65.055],[179.478,64.823],[178.218,64.658],[177.296,64.839],[176.04,64.921],[176.76,64.573],[177.491,64.768],[177.361,64.548],[177.998,64.21],[178.283,64.354],[178.661,63.964],[178.596,63.412],[179.413,63.133],[179.608,62.716],[178.938,62.366],[178.06,62.54],[177.034,62.589],[175.298,62.117],[174.488,61.814],[174.013,61.818],[172.084,60.887],[170.582,60.435],[170.402,59.965],[169.956,60.06],[169.247,60.568],[168.095,60.572],[167.047,60.328],[166.111,59.827],[166.251,60.384],[166.053,60.453],[165.197,60.094],[164.808,59.79],[164.52,60.1],[163.627,60.046],[163.17,59.506],[163.263,59.08],[162.407,58.655],[161.993,58.088],[162.522,57.755],[162.702,57.969],[163.328,57.709],[162.831,57.383],[162.785,56.764],[163.227,56.742],[163.368,56.181],[163.051,56.006],[162.637,56.22],[162.039,56.046],[161.777,55.609],[161.874,55.079],[162.155,54.851],[161.751,54.52],[160.74,54.535],[160.002,54.131],[159.825,53.537],[160.059,53.098],[159.631,53.257],[158.648,52.899],[158.288,51.968],[156.719,50.886],[156.535,51.289],[156.438,52.216],[156.11,52.936],[155.552,55.364],[155.653,55.921],[156.049,56.765],[156.675,57.046],[157.003,57.426],[156.801,57.774],[157.471,57.804],[159.023,58.415],[160.499,59.553],[160.848,59.617],[161.939,60.416],[162.889,60.752],[163.775,60.919],[163.487,61.002],[164.03,61.347],[164.127,62.262],[164.538,62.451],[165.287,62.366],[164.599,62.674],[163.267,62.522],[163.368,62.328],[162.99,61.787],[163.044,61.517],[162.417,61.676],[161.985,61.372],[160.916,60.899],[160.79,60.718],[159.829,60.933],[159.775,61.242],[160.286,61.554],[160.347,61.944],[159.519,61.674],[159.361,61.894],[157.464,61.782],[156.679,61.524],[156.578,61.213],[155.829,60.729],[154.951,60.367],[154.249,59.886],[154.076,59.509],[154.962,59.496],[155.196,59.175],[154.332,59.192],[154.047,59.053],[153.371,59.241],[152.917,58.917],[152.341,59.055],[152.021,58.874],[151.347,58.869],[151.088,59.102],[152.312,59.227],[151.733,59.307],[151.423,59.597],[150.537,59.479],[149.598,59.758],[149.133,59.641],[148.935,59.232],[147.913,59.391],[147.546,59.238],[145.958,59.417],[143.161,59.354],[142.261,59.124],[141.584,58.618],[140.904,58.383],[140.497,57.844],[138.661,56.978],[137.7,56.125],[136.461,55.58],[136.162,55.318],[135.219,54.895],[135.752,54.57],[136.882,54.591],[136.684,53.809],[137.185,53.851],[137.062,54.146],[137.775,53.9],[137.372,53.527],[137.919,53.586],[138.56,53.989],[138.74,54.315],[139.798,54.297],[140.252,53.89],[141.433,53.149],[141.116,52.449],[141.426,51.926],[140.706,51.335],[140.443,50.53],[140.662,50.058],[140.166,48.449],[139.262,47.787],[138.535,46.987],[138.099,46.229],[136.825,45.204],[136.123,44.476],[135.655,44.169],[135.129,43.5],[133.927,42.882],[133.156,42.688],[132.289,42.882],[132.307,43.319],[131.954,43.073],[131.806,43.331],[131.202,42.613],[130.701,42.294],[130.532,42.531],[130.406,42.735],[130.993,42.848],[131.281,43.38],[131.263,44.054],[130.935,44.842],[131.436,44.961],[131.817,45.332],[132.955,45.025],[133.189,45.504],[133.902,46.259],[134.154,47.257],[134.773,47.711],[134.719,48.263],[134.388,48.382],[133.092,48.106],[132.548,47.716],[131.043,47.678],[130.683,48.051],[130.824,48.334],[129.52,49.397],[128.797,49.572],[128.066,49.547],[127.508,49.822],[127.58,50.221],[126.932,51.063],[126.446,51.982],[126.532,52.152],[125.733,52.981],[124.898,53.118],[123.613,53.564],[122.317,53.496],[120.873,53.28],[120.034,52.76],[120.725,52.542],[120.661,51.924],[120.085,51.644],[119.498,50.737],[119.134,50.381],[119.21,50.015],[118.569,49.92],[117.759,49.513],[116.683,49.824],[116.218,50.015],[115.369,49.895],[114.753,50.236],[114.199,50.256],[113.212,49.822],[113.061,49.596],[111.362,49.368],[110.732,49.138],[109.162,49.346],[108.539,49.327],[107.938,49.663],[107.945,49.933],[107.366,49.976],[106.656,50.327],[105.328,50.477],[103.6,50.133],[102.329,50.545],[102.185,51.323],[100.511,51.727],[99.917,51.749],[98.888,52.129],[97.916,51.301],[97.808,50.97],[98.294,50.519],[98.106,50.063],[97.3,49.726],[96.969,49.886],[95.867,50.015],[95.5,49.886],[94.604,50.02],[94.236,50.565],[93.023,50.616],[92.314,50.855],[91.418,50.462],[89.625,49.903],[89.682,49.709],[88.872,49.435],[88.174,49.444],[87.817,49.165],[87.324,49.086],[86.611,49.795],[86.176,49.464],[85.261,49.582],[84.977,50.075],[84.25,50.259],[83.951,50.781],[83.433,50.992],[82.475,50.714],[81.46,50.73],[81.157,51.158],[80.682,51.301],[80.437,50.958],[79.926,50.879],[79.469,51.492],[77.867,53.272],[76.524,53.961],[76.672,54.437],[74.454,53.685],[73.425,53.432],[73.331,53.775],[73.684,53.875],[72.042,54.378],[71.182,54.101],[71.218,54.714],[70.822,55.295],[70.195,55.134],[68.942,55.435],[68.165,54.955],[65.976,54.613],[65.476,54.633],[64.91,54.403],[63.085,54.086],[60.979,53.883],[61.202,53.277],[62.052,53.125],[61.447,53.022],[60.677,52.664],[61.04,52.335],[60.137,51.889],[61.663,51.259],[61.372,50.783],[60.72,50.653],[59.96,50.83],[59.773,50.533],[58.927,50.678],[58.596,51.023],[57.768,51.119],[57.689,50.896],[57.156,51.1],[56.508,51.067],[55.658,50.53],[54.686,51.024],[54.478,50.854],[53.347,51.504],[52.505,51.479],[52.336,51.764],[51.781,51.492],[51.234,51.686],[50.582,51.636],[50.327,51.303],[49.423,51.102],[49.423,50.882],[48.674,50.58],[48.887,50.02],[48.419,49.812],[47.623,50.44],[46.899,49.82],[46.773,49.332],[46.979,49.047],[46.478,48.41],[47.079,48.275],[47.119,47.819],[48.044,47.77],[48.527,47.411],[49.005,46.769],[48.455,46.661],[49.229,46.328],[48.242,45.71],[47.627,45.709],[47.202,44.971],[46.701,44.446],[47.223,44.231],[47.601,43.765],[47.461,43.02],[48.581,41.845],[47.9,41.229],[47.267,41.303],[46.741,41.852],[46.431,41.891],[45.621,42.225],[45.697,42.507],[45.355,42.521],[44.858,42.759],[44.271,42.703],[43.958,42.554],[43.8,42.747],[43.195,42.928],[43.001,43.098],[42.425,43.23],[41.579,43.215],[40.653,43.539],[40.232,43.576],[39.987,43.389],[38.979,44.148],[38.177,44.407],[37.777,44.729],[36.578,45.187],[37.518,45.369],[37.608,45.663],[38.166,46.121],[37.737,46.676],[39.282,47.012],[39.264,47.26],[38.216,47.103],[38.353,47.607],[38.879,47.862],[39.761,47.833],[39.995,48.274],[39.703,48.746],[40.135,49.236],[40.117,49.591],[38.936,49.803],[38.663,49.962],[38.666,49.966],[38.663,49.962],[38,49.9],[37.435,50.425],[36.636,50.214],[36.107,50.421],[35.693,50.344],[35.077,51.208],[34.188,51.249],[34.098,51.951],[33.803,52.355],[32.928,52.247],[32.355,52.321],[31.765,52.1],[31.567,52.311],[31.38,53.182],[32.118,53.081],[32.719,53.439],[32.463,53.707],[31.743,53.795],[31.848,53.993],[31.326,54.229],[31.167,54.621],[30.771,54.786],[31.005,55.023],[30.887,55.6],[29.868,55.83],[29.461,55.686],[29.378,55.953],[28.809,55.935],[28.15,56.142],[28.125,56.548],[27.628,56.845],[27.841,57.291],[27.351,57.527],[27.524,57.807],[27.787,57.848],[27.495,58.221],[27.556,58.395],[27.409,58.755],[27.697,58.977],[27.884,59.276],[28.186,59.374],[28.017,59.482],[28.086,59.8],[28.968,59.827],[29.162,60.002],[30.192,59.881],[29.85,60.166],[29.094,60.178],[28.608,60.389],[28.687,60.615],[27.808,60.553],[29.202,61.245],[31.221,62.491],[31.571,62.905],[31.225,63.196],[29.979,63.741],[30.588,64.085],[30.033,64.396],[30.188,64.663],[29.587,64.992],[29.58,65.235],[30.098,65.656],[29.875,66.134],[29.09,66.838],[29.101,66.991],[30.008,67.685],[29.299,68.082],[28.665,68.204],[28.446,68.515],[28.953,69.028],[29.947,69.366],[30.231,69.637],[30.854,69.528],[30.84,69.806],[31.812,69.688],[32.053,69.963],[33.133,69.729],[32.535,69.509],[35.966,69.177],[37.68,68.714],[38.443,68.359],[40.005,68.02],[41.017,67.697],[41.359,67.013],[40.445,66.406],[39.343,66.135],[37.928,66.088],[36.888,66.286],[35.379,66.417],[34.163,66.735],[33.482,66.73],[32.262,67.125],[32.942,66.529],[34.497,66.117],[34.901,65.706],[34.443,65.37],[34.944,64.857],[34.832,64.531],[35.412,64.286],[35.811,64.342],[36.294,64.009],[37.291,63.819],[37.986,63.945],[38.004,64.317],[37.122,64.394],[36.441,64.916],[37.007,65.173],[37.705,65.018],[38.036,64.763],[38.511,64.788],[39.735,64.555],[40.517,64.541],[40.38,64.923],[39.721,65.381],[39.825,65.607],[40.797,65.992],[41.341,66.063],[42.201,66.532],[42.547,66.385],[43.253,66.436],[44.167,65.885],[44.095,66.262],[44.523,66.919],[43.814,67.177],[44.243,68.278],[43.325,68.614],[45.305,68.545],[45.945,68.447],[46.723,67.844],[45.351,67.731],[44.952,67.321],[45.593,67.159],[45.852,66.887],[46.583,66.816],[47.724,67.002],[48.008,67.65],[48.779,67.728],[50.435,68.221],[52.058,68.543],[52.249,68.317],[52.71,68.44],[52.289,68.616],[53.437,68.918],[53.959,68.876],[53.93,68.391],[53.239,68.253],[54.848,68.177],[54.996,68.439],[55.954,68.655],[57.329,68.565],[57.977,68.852],[58.88,69.003],[59.417,68.766],[59.111,68.405],[59.676,68.336],[59.773,68.668],[60.468,68.722],[60.904,69.122],[60.14,69.578],[60.77,69.849],[62.632,69.742],[64.129,69.55],[65.674,69.092],[67.128,68.839],[68.248,68.356],[68.287,68.189],[69.22,68.962],[68.456,68.984],[68.039,69.489],[67.103,69.693],[66.872,69.995],[67.25,70.021],[67.258,70.826],[66.689,70.771],[66.926,71.299],[67.589,71.416],[68.478,71.836],[68.989,72.706],[69.587,72.878],[71.563,72.917],[72.838,72.711],[72.885,72.307],[72.208,71.615],[71.837,71.532],[72.672,71.108],[72.773,70.426],[72.435,70.266],[72.69,69.837],[72.503,69.646],[72.586,68.932],[73.644,68.501],[73.09,68.214],[73.151,67.731],[72.611,67.626],[72.233,67.169],[71.517,66.878],[71.578,66.659],[70.689,66.515],[69.936,66.863],[68.964,66.809],[69.112,66.618],[70.361,66.335],[72.348,66.306],[72.492,66.618],[73.871,67.002],[73.9,67.295],[74.731,67.685],[74.703,68.18],[74.332,68.386],[74.479,68.721],[76.377,68.994],[77.316,68.53],[77.122,67.768],[77.694,67.545],[78.623,67.604],[77.493,67.751],[77.536,68.128],[78.105,68.248],[77.683,68.886],[76.755,69.124],[75.509,69.261],[75.106,69.104],[73.752,69.183],[73.9,69.415],[73.529,69.717],[73.734,70.181],[74.317,70.521],[73.558,71.255],[73.036,71.441],[73.525,71.823],[74.929,72.098],[75.109,72.403],[74.983,72.876],[75.523,72.76],[75.721,72.25],[75.217,71.792],[75.534,71.542],[75.228,71.404],[76.017,71.237],[77.784,71.142],[78.454,70.895],[78.277,71.259],[77.673,71.286],[76.326,71.559],[75.999,71.909],[76.877,72.05],[77.586,71.831],[78.108,71.88],[78.126,72.385],[79.512,72.363],[81.737,71.699],[82.867,71.787],[83.307,71.659],[83.047,71.416],[82.295,71.287],[82.446,70.607],[82.687,70.961],[83.134,70.882],[83.011,70.426],[83.775,70.477],[83.148,71.245],[83.62,71.632],[83.361,71.841],[82.183,72.093],[82.183,72.287],[81.208,72.354],[80.704,72.545],[80.841,72.922],[80.272,73.31],[80.833,73.572],[81.957,73.663],[83.483,73.656],[86.784,73.903],[87.011,73.778],[86.205,73.558],[87.166,73.611],[87.241,73.861],[86.802,74.185],[86.021,74.262],[86.493,74.566],[85.74,74.636],[86.223,74.808],[86.939,74.609],[87.097,74.862],[89.131,75.453],[89.956,75.578],[93.549,75.853],[93.023,76.076],[95.874,76.139],[95.936,75.949],[97.25,76.044],[97.844,75.992],[98.711,76.204],[99.755,76.049],[98.873,76.52],[100.85,76.54],[101.235,76.767],[100.918,76.976],[102.156,77.402],[103.258,77.663],[104.061,77.736],[105.976,77.425],[105.195,77.199],[104.118,77.096],[105.796,77.113],[107.24,77.006],[106.448,76.503],[107.844,76.535],[107.945,76.738],[110.062,76.692],[111.02,76.768],[112.672,76.363],[112.859,76.144],[113.461,76.149],[113.889,75.855],[113.691,75.593],[112.561,75.851],[112.787,75.588],[113.637,75.52],[113.605,75.286],[112.881,74.994],[112.147,74.879],[109.95,74.337],[108.068,73.636],[107.146,73.617],[106.649,73.307],[106.232,73.324],[105.483,72.768],[106.253,72.967],[106.361,73.194],[107.722,73.168],[109.713,73.452],[110.897,73.687],[109.533,73.774],[110.023,74.014],[112.373,73.705],[113.407,73.677],[113.133,73.45],[115.412,73.71],[117.442,73.589],[118.45,73.589],[118.461,73.209],[119.782,73.018],[121.053,72.932],[123.137,72.918],[123.537,73.221],[123.267,73.563],[124.336,73.805],[125.179,73.558],[126.388,73.411],[126.896,73.54],[127.987,73.471],[128.235,73.265],[128.894,73.217],[129.358,72.94],[128.289,72.908],[129.308,72.717],[127.961,72.662],[129.257,72.464],[129.52,72.25],[128.933,72.072],[127.861,72.429],[130.168,70.968],[130.91,70.755],[131.608,70.939],[132.541,71.883],[133.65,71.436],[134.488,71.377],[135.986,71.635],[138.186,71.245],[138.038,71.559],[138.754,71.644],[139.118,71.429],[140.032,71.471],[139.575,71.932],[139.874,72.179],[139.19,72.162],[139.543,72.498],[141.112,72.587],[140.594,72.893],[141.552,72.775],[145.411,72.555],[146.793,72.331],[145.353,72.346],[144.943,72.439],[144.417,72.175],[145.069,72.265],[146.93,72.312],[146.347,72.128],[145.908,72.204],[145.807,71.929],[144.885,71.772],[145.342,71.664],[146.156,71.821],[147.103,72.305],[148.402,72.311],[149.612,72.148],[150.066,71.922],[149.367,71.904],[149.004,71.703],[149.954,71.671],[149.868,71.463],[150.635,71.515],[150.408,71.286],[151.61,71.306],[152.211,70.88],[153.662,70.862],[155.937,71.1],[157.989,71.047],[159.689,70.671],[160.088,70.239],[159.689,69.891],[161.006,69.577],[160.963,69.106],[161.575,68.922],[161.435,69.379],[162.407,69.676],[164.027,69.774],[164.833,69.567],[166.939,69.502],[167.803,69.776],[168.242,69.558],[168.372,69.22],[169.373,69.077],[169.625,68.778],[170.352,68.829],[170.982,69.144],[170.586,69.6],[170.536,70.139],[172.789,69.963],[175.529,69.857],[178.366,69.487],[179.359,69.224],[179.773,68.989],[-180,68.981],[-180,65.067]]],[[[-180,70.992],[179.874,70.96],[178.794,70.804],[178.906,71.237],[180,71.537],[-180,70.992]]],[[[56.987,74.69],[55.885,74.847],[56.036,75.218],[56.447,75.068],[57.048,75.399],[57.743,75.328],[57.563,75.52],[58.931,75.868],[61.087,76.084],[61.076,76.28],[62.956,76.208],[65.612,76.581],[66.944,76.949],[68.464,76.966],[69.032,76.713],[68.345,76.35],[67.146,76.105],[63.708,75.635],[62.03,75.45],[60.508,75.114],[60.562,74.867],[59.644,74.727],[58.639,74.423],[58.729,74.239],[56.688,73.243],[55.021,73.444],[54.251,73.329],[54.28,73.601],[53.668,73.736],[56.263,74.48],[55.529,74.654],[56.555,74.683],[56.987,74.69]]],[[[-180,65.067],[-180,68.982],[-178.844,68.753],[-178.7,68.543],[-177.703,68.344],[-176.501,67.888],[-175.288,67.667],[-174.964,67.446],[-174.463,66.281],[-174.017,66.471],[-174.06,66.976],[-174.575,67.078],[-171.72,66.951],[-171.364,66.674],[-169.718,66.005],[-170.51,65.87],[-170.536,65.619],[-172.17,65.527],[-172.094,65.05],[-173.041,64.646],[-172.22,64.408],[-173.369,64.285],[-173.988,64.413],[-174.722,64.806],[-175.41,64.771],[-175.864,64.999],[-175.91,65.403],[-176.976,65.609],[-177.415,65.441],[-178.528,65.511],[-178.978,66.049],[-179.77,66.103],[-179.723,65.781],[-179.276,65.63],[-179.525,65.235],[-179.935,65.067],[-180,65.067]]],[[[142.531,54.297],[143.013,54.119],[142.891,53.814],[143.211,53.363],[143.305,52.471],[143.125,51.967],[143.539,51.24],[143.791,50.31],[144.284,49.25],[143.402,49.4],[143.071,49.185],[142.614,48.191],[142.545,47.767],[143.017,47.254],[143.395,46.533],[142.459,46.631],[142.095,45.903],[141.825,46.61],[142.056,47.054],[141.966,47.612],[142.189,47.944],[141.858,48.773],[142.16,49.679],[142.045,50.528],[142.268,51.136],[141.688,51.747],[141.66,52.382],[141.93,53.02],[141.768,53.371],[142.326,53.365],[142.801,53.697],[142.466,54.273],[142.531,54.297]]],[[[51.41,71.806],[51.608,72.091],[52.332,72.071],[52.778,72.648],[52.397,72.717],[53.142,72.962],[53.156,73.151],[54.935,73.425],[56.436,73.231],[56.137,72.782],[55.81,72.758],[55.342,72.066],[56.105,71.259],[57.451,70.607],[56.432,70.676],[56.022,70.573],[55.446,70.744],[55.162,70.553],[53.704,70.847],[53.491,71.073],[54.233,71.12],[53.452,71.264],[53.25,71.456],[51.86,71.456],[51.407,71.782],[51.41,71.806]]],[[[137.142,75.652],[137.743,75.748],[137.433,75.953],[138.898,76.22],[139.791,75.894],[140.864,75.738],[141.31,76.184],[142.545,75.863],[143.946,75.835],[145.382,75.512],[144.378,75.053],[142.873,75.157],[142.495,75.375],[143.002,75.708],[142.336,75.726],[142.081,75.534],[142.628,75.097],[143.708,74.948],[142.354,74.825],[141.843,74.999],[140.068,74.828],[139.496,74.946],[139.345,74.688],[138.164,74.776],[137.149,75.134],[137.156,75.652],[137.142,75.652]]],[[[99.885,79.041],[99.406,78.822],[97.761,78.808],[96.8,78.989],[95.068,79.038],[94.366,79.237],[94.312,79.479],[93.279,79.553],[94.992,80.102],[97.592,80.174],[98.34,79.872],[98.556,80.059],[99.197,80.049],[100.076,79.782],[99.572,79.273],[99.874,79.053],[99.885,79.041]]],[[[105.414,78.584],[104.788,78.337],[103.712,78.256],[101.21,78.194],[100.036,77.962],[99.269,78.042],[100.036,78.339],[100.256,78.665],[101.818,79.37],[103.139,79.325],[102.887,79.045],[103.809,79.154],[104.5,78.864],[105.177,78.81],[105.393,78.599],[105.414,78.584]]],[[[97.746,80.742],[97.019,80.525],[97.188,80.233],[94.532,80.13],[93.693,79.999],[91.533,80.289],[91.918,80.468],[92.739,80.514],[93.272,80.797],[92.501,80.758],[93.052,80.995],[94.888,81.145],[95.777,81.289],[96.972,80.905],[97.782,80.75],[97.746,80.742]]],[[[33.63,46.126],[34.688,45.974],[35.001,45.729],[35.333,45.371],[36.492,45.444],[36.441,45.067],[35.635,45.114],[35.081,44.793],[34.469,44.729],[33.957,44.383],[33.381,44.564],[33.561,45.094],[32.899,45.354],[32.867,45.629],[33.777,45.93],[33.63,46.126]]],[[[51.688,80.728],[50.95,80.537],[48.84,80.389],[49.106,80.189],[47.663,80.07],[47.929,80.247],[46.896,80.191],[46.651,80.314],[48.188,80.338],[47.425,80.443],[49.632,80.64],[49.002,80.775],[50.237,80.934],[50.654,80.765],[51.482,80.737],[51.688,80.728]]],[[[150.829,75.164],[150.609,74.894],[149.209,74.757],[148.172,74.803],[146.073,75.24],[146.487,75.595],[146.642,75.423],[148.406,75.421],[149.126,75.269],[150.71,75.168],[150.829,75.164]]],[[[22.768,54.356],[19.611,54.457],[19.957,54.952],[20.367,54.947],[20.925,55.283],[20.99,55.273],[20.529,54.965],[21.231,54.938],[21.267,55.249],[22.099,55.03],[22.581,55.058],[22.822,54.886],[22.768,54.356]]],[[[143.474,73.32],[143.175,73.177],[141.512,73.3],[140.493,73.486],[141.127,73.881],[142.045,73.916],[143.406,73.543],[143.474,73.327],[143.474,73.32]]],[[[148.798,45.415],[147.7,45.008],[146.959,44.42],[147.502,45.079],[148.798,45.43],[148.798,45.415]]],[[[-180,70.992],[-180,71.537],[-178.394,71.541],[-177.444,71.237],[-177.93,71.041],[-179.341,70.907],[-179.906,70.997],[-180,70.992]]],[[[50.323,69.151],[49.718,68.889],[48.591,68.731],[48.235,68.883],[48.303,69.276],[49.272,69.507],[50.276,69.192],[50.323,69.151]]],[[[60.54,69.818],[59.564,69.715],[58.571,70.078],[58.524,70.331],[59.024,70.48],[60.529,69.822],[60.54,69.818]]],[[[46.687,80.529],[46.082,80.439],[45.096,80.649],[48.275,80.831],[48.75,80.617],[47.781,80.765],[46.633,80.556],[46.687,80.529]]],[[[62.772,80.885],[64.036,80.986],[64.273,81.169],[65.231,81.137],[65.447,80.919],[64.424,80.742],[63.132,80.682],[62.531,80.845],[62.772,80.885]]],[[[62.221,80.812],[62.074,80.615],[61.044,80.406],[59.636,80.431],[59.233,80.661],[59.694,80.838],[62.066,80.88],[62.207,80.823],[62.221,80.812]]],[[[54.564,80.995],[54.647,81.121],[56.018,81.044],[57.682,80.818],[57.059,80.693],[54.859,81.002],[54.564,80.995]]],[[[93.628,79.933],[92.624,79.673],[91.072,79.852],[91.115,80.049],[93.138,79.958],[93.628,79.933]]],[[[113.407,74.445],[112.777,74.089],[111.47,74.345],[112.006,74.538],[113.367,74.467],[113.407,74.445]]],[[[71.668,73.227],[69.875,73.038],[69.958,73.4],[70.948,73.518],[71.632,73.251],[71.668,73.227]]],[[[57.53,80.132],[56.947,80.482],[58.452,80.468],[59.276,80.33],[58.121,80.279],[57.566,80.129],[57.53,80.132]]],[[[169.445,69.849],[168.876,69.568],[167.753,69.832],[168.264,70.024],[169.423,69.872],[169.445,69.849]]],[[[164.707,58.977],[163.555,58.572],[163.965,59.028],[164.559,59.239],[164.711,59.006],[164.707,58.977]]],[[[146.469,44.429],[145.551,43.716],[146.12,44.506],[146.365,44.422],[146.469,44.429]]],[[[150.336,46.21],[150.57,46.232],[149.637,45.611],[149.666,45.854],[150.289,46.197],[150.336,46.21]]],[[[156.125,50.638],[155.883,50.254],[155.228,50.055],[155.891,50.692],[156.121,50.651],[156.125,50.638]]],[[[55.648,81.201],[55.464,81.324],[56.544,81.255],[56.335,81.385],[57.905,81.297],[56.616,81.179],[55.741,81.201],[55.648,81.201]]],[[[78.277,72.552],[77.586,72.285],[76.913,72.373],[77.611,72.635],[78.231,72.569],[78.277,72.552]]],[[[166.665,54.756],[166.356,54.839],[165.956,55.364],[166.658,54.771],[166.665,54.756]]],[[[55.712,80.103],[55.99,80.336],[57.023,80.363],[56.958,80.066],[55.759,80.105],[55.712,80.103]]],[[[53.232,71.216],[53.009,70.968],[52.256,71.35],[53.207,71.216],[53.232,71.216]]],[[[57.336,80.892],[56.702,81.113],[58.283,80.927],[57.44,80.883],[57.336,80.892]]],[[[135.993,75.527],[135.45,75.375],[135.68,75.86],[136.17,75.602],[135.993,75.527]]],[[[55.766,80.784],[54.877,80.721],[54.013,80.796],[55.097,80.902],[55.932,80.791],[55.766,80.784]]],[[[79.563,72.768],[78.591,72.863],[79.141,73.096],[79.555,72.775],[79.563,72.768]]],[[[52.624,80.183],[52.861,80.406],[53.862,80.276],[52.645,80.173],[52.624,80.183]]],[[[60.256,81.037],[61.681,81.113],[60.986,80.922],[60.209,81.024],[60.256,81.037]]],[[[96.526,77.206],[96.44,77.069],[95.259,76.991],[96.461,77.211],[96.526,77.206]]],[[[141.098,74.149],[140.439,73.908],[140.223,74.22],[141.112,74.166],[141.098,74.149]]],[[[138.045,55.058],[137.707,54.624],[137.566,55.195],[138.024,55.055],[138.045,55.058]]],[[[91.547,81.154],[91.187,81.057],[89.995,81.105],[90.071,81.214],[91.454,81.192],[91.547,81.154]]],[[[79.807,80.975],[80.326,80.86],[79.127,80.807],[79.728,80.98],[79.807,80.975]]]]}},{"type":"Feature","properties":{"name":"Rwanda"},"geometry":{"type":"Polygon","coordinates":[[[29.014,-2.721],[28.892,-2.652],[28.86,-2.417],[29.151,-2.151],[29.148,-1.799],[29.342,-1.516],[29.58,-1.389],[29.806,-1.325],[29.896,-1.47],[30.149,-1.345],[30.354,-1.062],[30.473,-1.067],[30.555,-1.318],[30.739,-1.406],[30.84,-1.615],[30.818,-2.019],[30.887,-2.083],[30.836,-2.345],[30.555,-2.401],[30.419,-2.311],[30.206,-2.34],[30.138,-2.431],[29.932,-2.316],[29.904,-2.649],[29.824,-2.764],[29.338,-2.826],[29.306,-2.661],[29.13,-2.596],[29.014,-2.721]]]}},{"type":"Feature","properties":{"name":"Saint Barthelemy","tiny":true},"geometry":{"type":"Polygon","coordinates":[[[-62.936,17.695],[-63.035,17.767],[-63.134,17.902],[-63.17,18.028],[-63.17,18.118],[-63.098,18.073],[-62.485,17.983],[-62.549,17.893],[-62.684,17.785],[-62.774,17.695],[-62.936,17.695]]]}},{"type":"Feature","properties":{"name":"Saint Helena","tiny":true},"geometry":{"type":"Polygon","coordinates":[[[-5.728,-15.716],[-5.519,-15.711],[-5.465,-15.682],[-5.378,-15.842],[-5.378,-15.915],[-5.431,-16.061],[-5.626,-16.182],[-5.694,-16.11],[-5.762,-16.182],[-5.849,-16.226],[-5.937,-16.236],[-6.01,-16.202],[-6.063,-16.134],[-6.01,-16.027],[-5.956,-15.891],[-5.888,-15.813],[-5.801,-15.76],[-5.728,-15.716]]]}},{"type":"Feature","properties":{"name":"Saint Kitts and Nevis","tiny":true},"geometry":{"type":"Polygon","coordinates":[[[-62.475,17.17],[-62.4,17.104],[-62.4,17.055],[-62.464,17.029],[-62.504,17.055],[-62.536,17.162],[-62.631,17.239],[-62.786,17.245],[-62.878,17.282],[-63.002,17.354],[-63.085,17.449],[-63.065,17.541],[-62.982,17.573],[-62.962,17.605],[-62.683,17.438],[-62.608,17.366],[-62.527,17.19],[-62.475,17.17]]]}},{"type":"Feature","properties":{"name":"Saint Lucia","tiny":true},"geometry":{"type":"Polygon","coordinates":[[[-60.817,14.082],[-60.81,13.985],[-60.834,13.851],[-60.829,13.775],[-60.853,13.68],[-60.891,13.664],[-60.91,13.583],[-60.934,13.571],[-60.965,13.612],[-61.097,13.662],[-61.145,13.728],[-61.133,13.773],[-61.152,13.854],[-61.128,13.921],[-61.059,14.04],[-60.978,14.137],[-60.965,14.18],[-60.896,14.256],[-60.865,14.244],[-60.872,14.215],[-60.822,14.154],[-60.817,14.082]]]}},{"type":"Feature","properties":{"name":"Saint Martin","tiny":true},"geometry":{"type":"Polygon","coordinates":[[[-62.77,17.848],[-63.12,17.977],[-63.234,17.998],[-63.234,18.023],[-63.362,17.987],[-63.419,18.013],[-63.419,18.054],[-63.27,18.065],[-63.177,18.08],[-63.12,18.137],[-63.084,18.214],[-63.048,18.25],[-62.955,18.281],[-62.842,18.307],[-62.77,18.307],[-62.77,18.193],[-62.734,18.039],[-62.734,17.89],[-62.77,17.848]]]}},{"type":"Feature","properties":{"name":"Saint Pierre and Miquelon","tiny":true},"geometry":{"type":"Polygon","coordinates":[[[-56.236,46.835],[-56.16,46.789],[-56.188,46.731],[-56.263,46.676],[-56.374,46.62],[-56.422,46.624],[-56.43,46.679],[-56.47,46.722],[-56.367,46.795],[-56.34,46.869],[-56.353,46.948],[-56.451,47.104],[-56.47,47.253],[-56.417,47.305],[-56.367,47.295],[-56.422,47.259],[-56.422,47.236],[-56.361,47.203],[-56.298,47.194],[-56.194,47.138],[-56.202,47.067],[-56.25,47.015],[-56.284,47.01],[-56.298,47.033],[-56.382,47.025],[-56.374,46.996],[-56.313,46.986],[-56.319,46.868],[-56.292,46.835],[-56.236,46.835]]]}},{"type":"Feature","properties":{"name":"Saint Vincent and the Grenadines","tiny":true},"geometry":{"type":"Polygon","coordinates":[[[-61.105,12.95],[-61.155,12.915],[-61.227,12.945],[-61.395,13.064],[-61.415,13.141],[-61.415,13.235],[-61.376,13.309],[-61.395,13.348],[-61.315,13.362],[-61.285,13.423],[-61.235,13.566],[-61.136,13.599],[-61.047,13.58],[-61.017,13.519],[-60.986,13.398],[-60.986,13.229],[-61.028,13.064],[-61.105,12.95]]]}},{"type":"Feature","properties":{"name":"Samoa","tiny":true},"geometry":{"type":"Polygon","coordinates":[[[-172.163,-13.586],[-172.139,-13.712],[-172.175,-13.759],[-172.175,-13.823],[-172.234,-13.821],[-172.27,-13.789],[-172.352,-13.81],[-172.529,-13.829],[-172.59,-13.781],[-172.614,-13.71],[-172.655,-13.689],[-172.693,-13.635],[-172.783,-13.574],[-172.824,-13.504],[-172.767,-13.493],[-172.726,-13.51],[-172.66,-13.506],[-172.537,-13.463],[-172.447,-13.463],[-172.352,-13.438],[-172.275,-13.454],[-172.167,-13.581],[-172.163,-13.586]]]}},{"type":"Feature","properties":{"name":"San Marino","tiny":true},"geometry":{"type":"Polygon","coordinates":[[[12.37,43.649],[12.186,43.725],[12.098,43.852],[12.167,44.01],[12.326,44.131],[12.529,44.207],[12.713,44.226],[12.757,44.163],[12.782,44.055],[12.757,43.947],[12.668,43.827],[12.694,43.807],[12.58,43.668],[12.37,43.649]]]}},{"type":"Feature","properties":{"name":"Sao Tome and Principe","tiny":true},"geometry":{"type":"Polygon","coordinates":[[[6.73,0.555],[6.774,0.526],[6.845,0.431],[6.877,0.335],[6.838,0.218],[6.767,0.153],[6.691,0.022],[6.615,-0.029],[6.551,-0.029],[6.512,-0.118],[6.488,-0.09],[6.456,-0.125],[6.353,0.208],[6.353,0.294],[6.404,0.387],[6.468,0.448],[6.551,0.479],[6.659,0.56],[6.73,0.555]]]}},{"type":"Feature","properties":{"name":"Saudi Arabia"},"geometry":{"type":"Polygon","coordinates":[[[50.809,24.747],[50.881,24.637],[50.978,24.568],[51.097,24.561],[51.216,24.625],[51.569,24.257],[51.594,24.078],[52.584,22.931],[55.104,22.621],[55.187,22.703],[55.637,21.979],[54.978,19.995],[51.979,18.995],[49.128,18.612],[48.163,18.149],[47.429,17.092],[46.971,16.957],[46.709,17.275],[45.431,17.312],[45.164,17.428],[43.166,17.325],[43.209,16.773],[42.788,16.371],[42.302,17.454],[41.719,17.91],[41.215,18.686],[40.945,19.505],[40.067,20.287],[39.645,20.461],[39.08,21.315],[39.08,22.546],[38.454,23.784],[37.521,24.267],[37.147,24.851],[37.23,25.194],[36.661,25.88],[36.229,26.626],[35.217,28.055],[34.587,28.132],[34.951,29.351],[36.017,29.189],[36.477,29.495],[36.755,29.865],[37.471,29.995],[37.633,30.312],[37.982,30.5],[36.96,31.491],[38.997,32.008],[39.145,32.119],[40.369,31.938],[42.075,31.081],[44.693,29.201],[46.532,29.096],[47.436,28.995],[47.58,28.632],[47.67,28.534],[48.433,28.541],[48.811,27.742],[49.941,26.859],[50.208,26.369],[50.1,25.989],[50.809,24.747]]]}},{"type":"Feature","properties":{"name":"Senegal"},"geometry":{"type":"Polygon","coordinates":[[[-12.264,14.776],[-11.997,14.166],[-12.098,13.705],[-11.652,13.384],[-11.385,12.933],[-11.389,12.403],[-12.361,12.305],[-13.077,12.636],[-13.729,12.673],[-15.194,12.68],[-15.676,12.439],[-16.234,12.452],[-16.411,12.361],[-16.728,12.332],[-16.753,13.065],[-16.674,13.165],[-15.828,13.161],[-15.824,13.32],[-15.518,13.386],[-15.378,13.362],[-15.226,13.425],[-15.136,13.59],[-15.014,13.496],[-14.593,13.354],[-14.395,13.242],[-14.2,13.229],[-14.132,13.276],[-13.851,13.335],[-13.819,13.43],[-14.002,13.577],[-14.348,13.452],[-14.586,13.661],[-14.73,13.619],[-14.917,13.793],[-15.097,13.82],[-15.244,13.747],[-15.349,13.789],[-15.468,13.708],[-15.518,13.583],[-16.562,13.587],[-16.944,14.372],[-17.538,14.757],[-17.138,14.928],[-16.544,15.809],[-16.328,16.474],[-15.673,16.481],[-14.406,16.66],[-13.826,16.118],[-13.484,16.155],[-13.239,15.623],[-12.264,14.776]]]}},{"type":"Feature","properties":{"name":"Seychelles","tiny":true},"geometry":{"type":"Polygon","coordinates":[[[55.31,-4.619],[55.299,-4.59],[55.247,-4.59],[55.208,-4.562],[55.267,-4.502],[55.35,-4.479],[55.392,-4.425],[55.401,-4.34],[55.452,-4.34],[55.495,-4.403],[55.472,-4.445],[55.472,-4.513],[55.515,-4.562],[55.637,-4.641],[55.668,-4.675],[55.648,-4.752],[55.668,-4.84],[55.637,-4.877],[55.699,-5.025],[55.637,-5.025],[55.597,-5.002],[55.546,-4.911],[55.483,-4.903],[55.495,-4.849],[55.566,-4.835],[55.523,-4.752],[55.495,-4.749],[55.444,-4.67],[55.401,-4.667],[55.33,-4.624],[55.31,-4.619]]]}},{"type":"Feature","properties":{"name":"Sierra Leone"},"geometry":{"type":"Polygon","coordinates":[[[-10.284,8.484],[-10.366,8.148],[-10.618,8.011],[-10.615,7.77],[-11.374,7.138],[-11.475,6.919],[-11.839,7.148],[-12.508,7.39],[-12.404,7.547],[-12.958,7.912],[-12.973,8.254],[-13.164,8.172],[-13.286,8.501],[-13.124,8.449],[-13.3,9.041],[-13.03,9.095],[-12.703,9.419],[-12.516,9.852],[-12.141,9.875],[-11.911,9.992],[-11.198,9.982],[-10.676,9.306],[-10.482,8.673],[-10.726,8.32],[-10.284,8.484]]]}},{"type":"Feature","properties":{"name":"Singapore","tiny":true},"geometry":{"type":"Polygon","coordinates":[[[104.084,1.42],[104.166,1.388],[104.11,1.316],[104.07,1.283],[103.981,1.266],[103.831,1.18],[103.749,1.2],[103.694,1.243],[103.604,1.26],[103.488,1.266],[103.48,1.321],[103.543,1.401],[103.557,1.46],[103.604,1.494],[103.707,1.498],[103.789,1.533],[103.886,1.513],[104.029,1.439],[104.084,1.42]]]}},{"type":"Feature","properties":{"name":"Sint Maarten","tiny":true},"geometry":{"type":"Polygon","coordinates":[[[-63.335,18.186],[-63.186,18.159],[-62.725,17.99],[-62.82,17.895],[-63.261,18.01],[-63.356,18.057],[-63.41,18.112],[-63.335,18.173],[-63.335,18.186]]]}},{"type":"Feature","properties":{"name":"Slovakia"},"geometry":{"type":"Polygon","coordinates":[[[22.538,49.072],[22.131,48.405],[21.728,48.341],[21.426,48.561],[21.109,48.49],[20.482,48.527],[20.274,48.252],[19.928,48.13],[19.532,48.211],[19.482,48.112],[18.837,48.041],[18.816,47.833],[17.826,47.75],[17.34,47.998],[17.149,48.005],[16.843,48.365],[16.944,48.605],[17.167,48.86],[17.534,48.812],[18.096,49.071],[18.117,49.202],[18.535,49.481],[18.834,49.51],[19.172,49.402],[19.435,49.596],[20.05,49.174],[20.306,49.386],[20.691,49.4],[20.943,49.295],[21.274,49.447],[21.84,49.371],[22.012,49.211],[22.538,49.072]]]}},{"type":"Feature","properties":{"name":"Slovenia"},"geometry":{"type":"Polygon","coordinates":[[[13.588,45.489],[13.711,45.594],[13.894,45.634],[13.581,45.81],[13.624,45.967],[13.462,46.006],[13.639,46.18],[13.365,46.29],[13.7,46.519],[14.539,46.379],[14.834,46.585],[15.061,46.649],[15.464,46.615],[15.651,46.71],[15.986,46.691],[16.094,46.862],[16.27,46.864],[16.515,46.502],[16.342,46.546],[16.216,46.367],[15.662,46.215],[15.666,45.832],[15.262,45.731],[15.313,45.45],[15.14,45.43],[14.906,45.514],[14.798,45.466],[14.564,45.663],[14.373,45.477],[13.984,45.476],[13.891,45.423],[13.588,45.489]]]}},{"type":"Feature","properties":{"name":"Solomon Islands"},"geometry":{"type":"MultiPolygon","coordinates":[[[[159.858,-8.512],[159.825,-8.542],[159.627,-8.358],[159.545,-8.339],[159.008,-8.081],[158.583,-7.755],[158.583,-7.669],[158.454,-7.532],[158.605,-7.586],[158.753,-7.593],[158.871,-7.733],[159.127,-7.919],[159.185,-7.905],[159.433,-8.032],[159.843,-8.326],[159.797,-8.392],[159.858,-8.491],[159.858,-8.512]]],[[[161.359,-9.618],[161.237,-9.447],[160.869,-9.152],[160.794,-9.02],[160.653,-8.604],[160.718,-8.554],[160.592,-8.385],[160.747,-8.309],[160.974,-8.572],[161.003,-8.662],[160.941,-8.692],[160.945,-8.814],[161.168,-8.974],[161.204,-9.138],[161.327,-9.439],[161.381,-9.51],[161.377,-9.624],[161.359,-9.618]]],[[[157.529,-7.333],[157.449,-7.433],[157.082,-7.287],[156.927,-7.208],[156.686,-6.897],[156.459,-6.733],[156.488,-6.603],[156.668,-6.674],[156.78,-6.776],[157.043,-6.897],[157.122,-6.98],[157.187,-7.179],[157.395,-7.306],[157.525,-7.309],[157.529,-7.333]]],[[[160.826,-9.837],[160.646,-9.937],[160.445,-9.893],[160.319,-9.815],[160.023,-9.82],[159.836,-9.793],[159.725,-9.707],[159.599,-9.513],[159.617,-9.295],[159.71,-9.248],[159.941,-9.434],[160.362,-9.413],[160.502,-9.537],[160.628,-9.582],[160.671,-9.699],[160.787,-9.727],[160.819,-9.829],[160.826,-9.837]]],[[[162.374,-10.823],[162.101,-10.822],[161.791,-10.735],[161.489,-10.469],[161.521,-10.376],[161.294,-10.332],[161.291,-10.225],[161.395,-10.204],[161.733,-10.406],[161.834,-10.447],[162.115,-10.457],[162.277,-10.68],[162.273,-10.815],[162.342,-10.818],[162.374,-10.823]]],[[[157.799,-8.562],[157.604,-8.468],[157.633,-8.388],[157.568,-8.277],[157.345,-8.275],[157.23,-8.317],[157.223,-8.225],[157.424,-7.99],[157.503,-7.959],[157.611,-8.066],[157.665,-8.241],[157.745,-8.228],[157.838,-8.338],[157.907,-8.491],[157.885,-8.582],[157.799,-8.557],[157.799,-8.562]]],[[[160.502,-11.737],[160.581,-11.794],[160.499,-11.847],[160.38,-11.777],[160.283,-11.642],[160.167,-11.654],[160.009,-11.59],[160.002,-11.462],[160.394,-11.657],[160.502,-11.737]]]]}},{"type":"Feature","properties":{"name":"Somalia"},"geometry":{"type":"Polygon","coordinates":[[[47.979,7.996],[48.941,9.452],[48.941,11.25],[50.269,11.589],[50.798,11.989],[51.292,11.832],[51.086,11.187],[51.176,10.563],[50.928,10.328],[50.813,9.541],[50.305,8.504],[49.841,7.962],[49.038,6.144],[47.947,4.457],[46.028,2.439],[44.549,1.559],[43.469,0.62],[42.403,-0.501],[41.535,-1.696],[40.981,-0.871],[40.967,2.814],[41.885,3.977],[42.137,4.2],[42.788,4.286],[43.119,4.648],[43.969,4.953],[44.941,4.911],[46.424,6.497],[47.979,7.996]]]}},{"type":"Feature","properties":{"name":"Somaliland"},"geometry":{"type":"Polygon","coordinates":[[[48.941,11.25],[48.941,9.452],[47.979,7.996],[46.921,8.026],[44.023,8.985],[43.418,9.413],[43.188,9.884],[42.835,10.208],[42.648,10.632],[42.925,10.998],[43.242,11.488],[44.275,10.456],[44.963,10.416],[45.755,10.872],[46.449,10.693],[47.385,11.181],[48.159,11.145],[48.656,11.331],[48.941,11.25]]]}},{"type":"Feature","properties":{"name":"South Africa"},"geometry":{"type":"Polygon","coordinates":[[[19.982,-24.752],[20.364,-25.033],[20.842,-26.132],[20.623,-26.427],[20.691,-26.892],[21.688,-26.855],[22.711,-25.997],[23.006,-25.311],[23.445,-25.277],[23.924,-25.629],[24.799,-25.83],[25.587,-25.62],[25.868,-24.749],[26.404,-24.632],[26.851,-24.247],[27.006,-23.646],[27.754,-23.221],[28.165,-22.709],[29.349,-22.187],[31.29,-22.397],[31.52,-23.415],[31.988,-24.423],[31.949,-25.958],[31.833,-25.982],[31.427,-25.743],[31.308,-25.757],[31.121,-25.911],[30.969,-26.21],[30.804,-26.397],[30.782,-26.473],[30.804,-26.809],[30.879,-26.772],[30.977,-27.035],[31.157,-27.206],[31.527,-27.31],[31.967,-27.316],[31.941,-27.101],[31.992,-26.809],[32.114,-26.839],[32.892,-26.846],[32.381,-28.553],[31.751,-28.967],[31.185,-29.56],[30.393,-30.846],[28.55,-32.562],[27.11,-33.519],[26.516,-33.756],[25.677,-33.795],[25.706,-34.021],[24.928,-33.996],[24.856,-34.186],[23.636,-33.98],[23.409,-34.11],[22.632,-33.996],[21.703,-34.391],[20.526,-34.455],[20.014,-34.82],[19.276,-34.406],[18.808,-34.365],[17.844,-32.824],[18.272,-32.648],[18.196,-31.697],[17.282,-30.348],[16.81,-29.078],[16.486,-28.574],[16.918,-28.059],[17.347,-28.227],[17.404,-28.704],[18.168,-28.901],[19.122,-28.957],[19.579,-28.525],[19.982,-28.422],[19.982,-24.752]],[[28.982,-28.91],[28.618,-28.572],[28.154,-28.702],[28.017,-28.857],[27.747,-28.908],[27.351,-29.48],[27.024,-29.615],[27.2,-29.978],[27.459,-30.316],[27.744,-30.6],[28.078,-30.659],[28.215,-30.267],[28.363,-30.159],[28.86,-30.066],[29.151,-29.911],[29.115,-29.75],[29.266,-29.626],[29.436,-29.342],[29.313,-29.09],[28.996,-28.908],[28.982,-28.91]]]}},{"type":"Feature","properties":{"name":"South Georgia and the South Sandwich Islands"},"geometry":{"type":"Polygon","coordinates":[[[-35.909,-54.687],[-35.783,-54.757],[-35.923,-54.853],[-36.117,-54.885],[-36.524,-54.5],[-36.614,-54.517],[-36.794,-54.448],[-36.884,-54.336],[-37.41,-54.183],[-37.237,-54.147],[-37.554,-54.137],[-37.691,-54.174],[-37.723,-54.093],[-37.615,-54.037],[-38.033,-54.051],[-38.015,-54.004],[-37.381,-53.99],[-37.428,-54.049],[-37.122,-54.031],[-37.122,-54.112],[-36.978,-54.054],[-36.654,-54.107],[-36.661,-54.183],[-36.542,-54.161],[-36.675,-54.277],[-36.521,-54.231],[-36.488,-54.336],[-36.337,-54.351],[-36.395,-54.243],[-36.261,-54.286],[-36.258,-54.37],[-36.017,-54.495],[-36.042,-54.574],[-35.887,-54.551],[-35.912,-54.665],[-35.909,-54.687]]]}},{"type":"Feature","properties":{"name":"South Korea"},"geometry":{"type":"Polygon","coordinates":[[[128.365,38.625],[128.631,38.146],[129.347,37.247],[129.47,36.773],[129.383,36.202],[129.556,36.082],[129.455,35.513],[128.966,35.044],[128.512,35.104],[128.437,34.843],[128.019,34.998],[127.36,34.773],[127.504,34.591],[127.123,34.556],[126.521,34.294],[126.529,34.569],[126.269,34.642],[126.424,34.89],[126.255,35.123],[126.806,35.91],[126.496,36.16],[126.572,36.342],[126.37,36.732],[126.187,36.781],[126.536,37.05],[126.914,36.93],[126.658,37.254],[126.532,37.755],[126.669,37.828],[127.159,38.308],[128.174,38.357],[128.365,38.625]]]}},{"type":"Feature","properties":{"name":"South Sudan"},"geometry":{"type":"Polygon","coordinates":[[[35.919,4.619],[35.61,4.621],[35.412,5.031],[34.382,4.621],[33.975,4.22],[33.529,3.771],[33.018,3.878],[32.175,3.521],[31.779,3.815],[31.142,3.785],[30.84,3.491],[30.206,3.95],[29.796,4.556],[29.45,4.658],[29.173,4.349],[28.755,4.555],[28.402,4.278],[27.441,5.071],[27.124,5.769],[26.602,6.01],[26.379,6.654],[25.36,7.336],[25.231,7.852],[24.831,8.167],[24.205,8.283],[24.169,8.69],[24.558,8.888],[24.792,9.798],[25.119,10.306],[25.843,10.417],[26.556,9.521],[27.895,9.595],[28.046,9.332],[28.845,9.325],[30.012,10.27],[30.75,9.735],[31.236,9.793],[31.941,10.655],[32.413,11.051],[32.345,11.709],[32.082,12],[32.748,12.003],[33.209,12.211],[33.083,11.584],[33.183,10.843],[33.903,10.193],[33.9,9.455],[34.069,9.455],[34.112,8.626],[33.972,8.445],[33.173,8.405],[33.057,7.798],[33.716,7.657],[34.735,6.638],[34.983,5.841],[35.322,5.348],[35.804,5.318],[35.919,4.619]]]}},{"type":"Feature","properties":{"name":"Spain"},"geometry":{"type":"MultiPolygon","coordinates":[[[[-1.795,43.385],[-1.348,43.093],[-0.038,42.684],[0.657,42.838],[1.431,42.595],[1.417,42.57],[1.427,42.561],[1.406,42.529],[1.445,42.521],[1.449,42.504],[1.406,42.487],[1.449,42.435],[1.517,42.429],[1.546,42.45],[1.607,42.456],[1.64,42.467],[1.651,42.494],[1.687,42.49],[1.708,42.502],[2.05,42.352],[3.181,42.431],[3.231,41.947],[2.061,41.274],[0.992,41.04],[-0.322,39.517],[-0.211,39.079],[0.236,38.742],[-0.509,38.338],[-0.851,37.723],[-1.672,37.364],[-2.126,36.736],[-4.405,36.724],[-5.2,36.398],[-5.337,36.141],[-5.359,36.141],[-5.611,36.006],[-6.158,36.305],[-6.5,36.96],[-7.414,37.193],[-7.529,37.566],[-7.267,37.983],[-7.025,38.022],[-7.36,38.446],[-6.975,39.024],[-7.245,39.196],[-7.558,39.68],[-7.036,39.689],[-6.881,40.01],[-7.043,40.182],[-6.853,40.41],[-6.943,41.016],[-6.205,41.57],[-6.543,41.659],[-6.572,41.943],[-7.443,41.806],[-8.181,41.811],[-8.221,42.154],[-8.75,41.968],[-8.624,42.301],[-8.89,42.799],[-9.272,42.894],[-9.139,43.201],[-8.332,43.405],[-7.684,43.794],[-7.159,43.559],[-5.423,43.561],[-4.311,43.395],[-3.58,43.519],[-2.129,43.287],[-1.795,43.385]]],[[[3.353,39.785],[3.062,39.268],[2.356,39.611],[3.181,39.969],[3.339,39.778],[3.353,39.785]]],[[[-16.429,28.149],[-16.677,27.997],[-16.915,28.355],[-16.126,28.544],[-16.429,28.168],[-16.429,28.149]]]]}},{"type":"Feature","properties":{"name":"Sri Lanka"},"geometry":{"type":"Polygon","coordinates":[[[81.877,7.093],[81.777,6.61],[81.363,6.225],[80.592,5.924],[80.185,6.041],[80.031,6.267],[79.861,6.807],[79.696,8.099],[79.811,7.986],[79.915,8.938],[80.117,9.234],[80.052,9.391],[80.427,9.5],[79.908,9.769],[80.121,9.82],[80.743,9.36],[80.945,9.001],[81.359,8.496],[81.449,8.128],[81.697,7.753],[81.881,7.327],[81.877,7.093]]]}},{"type":"Feature","properties":{"name":"Sudan"},"geometry":{"type":"Polygon","coordinates":[[[22.862,10.919],[22.902,11.409],[22.538,11.68],[22.614,12.072],[22.203,12.743],[21.879,12.677],[22.268,13.335],[22.074,13.781],[22.545,14.139],[22.365,14.544],[22.668,14.681],[23.067,15.687],[23.985,15.721],[23.982,19.497],[23.982,19.995],[24.975,19.995],[24.982,21.996],[36.884,21.996],[37.23,20.566],[37.244,19.568],[37.435,18.862],[38.601,18.004],[38.209,17.523],[37.507,17.319],[37.403,17.03],[36.999,17.072],[36.945,16.253],[36.423,15.112],[36.528,14.264],[36.125,12.721],[35.624,12.586],[35.041,11.748],[34.933,10.845],[34.587,10.88],[34.069,9.455],[33.9,9.455],[33.903,10.193],[33.183,10.843],[33.083,11.584],[33.209,12.211],[32.748,12.003],[32.082,12],[32.345,11.709],[32.413,11.051],[31.941,10.655],[31.236,9.793],[30.75,9.735],[30.012,10.27],[28.845,9.325],[28.046,9.332],[27.895,9.595],[26.556,9.521],[25.843,10.417],[25.119,10.306],[24.792,9.798],[24.558,8.888],[24.169,8.69],[23.481,8.783],[23.625,9.907],[22.862,10.919]]]}},{"type":"Feature","properties":{"name":"Suriname"},"geometry":{"type":"Polygon","coordinates":[[[-54.614,2.326],[-54.978,2.608],[-55.723,2.397],[-55.946,2.528],[-56.148,2.256],[-55.925,2.062],[-56.018,1.833],[-56.483,1.942],[-56.706,2.03],[-57.221,2.908],[-57.307,3.395],[-57.566,3.349],[-58.042,4.023],[-57.721,4.99],[-57.282,5.026],[-57.246,5.485],[-56.958,6.012],[-55.896,5.764],[-55.846,5.976],[-55.046,5.993],[-54.038,5.843],[-54.172,5.348],[-54.456,5.009],[-54.355,4.041],[-53.988,3.611],[-54.359,2.508],[-54.614,2.326]]]}},{"type":"Feature","properties":{"name":"Swaziland"},"geometry":{"type":"Polygon","coordinates":[[[31.949,-25.958],[32.071,-26.01],[32.039,-26.284],[32.118,-26.583],[32.114,-26.839],[31.992,-26.809],[31.941,-27.101],[31.967,-27.316],[31.527,-27.31],[31.157,-27.206],[30.977,-27.035],[30.879,-26.772],[30.804,-26.809],[30.782,-26.473],[30.804,-26.397],[30.969,-26.21],[31.121,-25.911],[31.308,-25.757],[31.427,-25.743],[31.833,-25.982],[31.949,-25.958]]]}},{"type":"Feature","properties":{"name":"Sweden"},"geometry":{"type":"MultiPolygon","coordinates":[[[[20.623,69.036],[22.074,68.477],[22.808,68.395],[23.661,67.932],[23.431,67.486],[24,66.812],[23.676,66.475],[24.162,65.823],[23.128,65.715],[22.477,65.857],[21.181,64.835],[21.606,64.465],[20.965,64.15],[20.778,63.869],[19.471,63.562],[19.035,63.179],[18.61,63.179],[18.463,62.861],[17.97,62.807],[17.844,62.49],[17.343,62.498],[17.545,62.248],[17.106,61.399],[17.34,60.622],[17.973,60.588],[18.819,60.114],[19.042,59.785],[18.042,59.398],[18.416,59.14],[16.72,58.437],[16.756,57.877],[16.418,57.895],[16.688,57.471],[16.584,57.044],[15.853,56.087],[14.701,56.161],[14.208,55.822],[14.182,55.391],[12.98,55.403],[12.505,56.276],[12.886,56.637],[12.375,56.912],[11.688,57.838],[11.824,58.317],[11.497,58.258],[11.13,59.032],[11.439,58.991],[11.81,59.249],[11.85,59.872],[12.512,60.117],[12.595,60.514],[12.256,60.982],[12.89,61.35],[12.163,61.725],[12.318,62.235],[12.091,62.586],[12.224,63.001],[11.994,63.288],[12.681,63.957],[13.236,64.091],[13.941,64.009],[14.114,64.442],[13.642,64.584],[14.514,65.318],[14.539,66.125],[15.482,66.276],[15.428,66.492],[16.414,67.052],[16.126,67.422],[17.322,68.106],[17.894,67.969],[18.16,68.53],[19.932,68.351],[20.245,68.477],[20.623,69.036]]],[[[19.039,57.868],[18.715,57.243],[18.297,56.941],[18.114,57.512],[18.726,57.924],[19.024,57.871],[19.039,57.868]]],[[[17.124,57.319],[16.411,56.239],[16.418,56.586],[17.124,57.324],[17.124,57.319]]]]}},{"type":"Feature","properties":{"name":"Switzerland"},"geometry":{"type":"Polygon","coordinates":[[[10.453,46.864],[10.446,46.538],[10.096,46.609],[9.963,46.355],[9.56,46.293],[9.283,46.497],[9.225,46.23],[8.901,45.827],[8.833,46.067],[8.437,46.235],[8.343,46.443],[7.832,45.915],[7.54,45.984],[7.022,45.925],[6.773,46.134],[6.788,46.414],[6.302,46.394],[6.28,46.241],[5.981,46.141],[6.136,46.359],[6.133,46.595],[6.431,46.769],[6.442,46.945],[6.957,47.245],[7.011,47.499],[7.407,47.438],[7.587,47.585],[8.354,47.581],[8.602,47.794],[8.883,47.656],[9.272,47.651],[9.549,47.534],[9.52,47.262],[9.506,47.244],[9.488,47.21],[9.484,47.176],[9.491,47.159],[9.513,47.129],[9.513,47.108],[9.477,47.073],[9.477,47.065],[9.499,47.06],[9.56,47.053],[9.581,47.056],[9.859,47.016],[10.111,46.847],[10.374,46.997],[10.453,46.864]]]}},{"type":"Feature","properties":{"name":"Syria"},"geometry":{"type":"Polygon","coordinates":[[[35.757,32.744],[35.887,32.945],[35.822,33.407],[36.038,33.586],[35.923,33.64],[36.049,33.816],[36.369,33.858],[36.269,33.911],[36.603,34.199],[36.531,34.414],[36.319,34.513],[36.441,34.63],[36.308,34.687],[36.261,34.627],[35.97,34.65],[35.963,35.197],[35.736,35.562],[35.912,35.918],[36.139,35.82],[36.661,36.827],[37.446,36.634],[38.191,36.906],[38.663,36.72],[39.764,36.742],[40.898,37.122],[41.481,37.075],[42.212,37.325],[42.356,37.11],[41.845,36.617],[41.384,36.516],[41.363,35.655],[41.197,34.768],[40.689,34.331],[38.774,33.372],[36.819,32.317],[36.373,32.386],[35.757,32.744]]]}},{"type":"Feature","properties":{"name":"Taiwan"},"geometry":{"type":"Polygon","coordinates":[[[121.906,24.949],[121.805,24.779],[121.841,24.482],[121.661,24.193],[121.399,23.146],[120.88,22.346],[120.88,22.055],[120.7,21.949],[120.697,22.112],[120.513,22.425],[120.333,22.519],[120.059,23.151],[120.189,23.774],[120.704,24.607],[121.031,25.029],[121.582,25.284],[121.906,25.106],[121.928,24.966],[121.906,24.949]]]}},{"type":"Feature","properties":{"name":"Tajikistan"},"geometry":{"type":"Polygon","coordinates":[[[70.959,40.238],[70.627,39.995],[69.968,40.212],[69.313,39.988],[69.299,39.515],[70.491,39.598],[70.699,39.419],[71.459,39.613],[72.24,39.191],[72.633,39.395],[73.633,39.449],[73.817,38.586],[74.775,38.51],[74.893,37.23],[74.659,37.394],[73.619,37.234],[73.295,37.465],[72.658,37.029],[71.61,36.705],[71.43,37.067],[71.599,37.899],[70.987,38.471],[70.174,37.946],[70.159,37.541],[69.529,37.587],[69.245,37.104],[68.964,37.33],[68.024,36.925],[67.78,37.188],[67.83,37.527],[68.359,38.174],[68.096,38.433],[68.1,38.98],[67.376,39.199],[67.765,39.623],[68.435,39.528],[69.018,40.233],[69.284,40.195],[69.385,40.797],[69.691,40.629],[70.447,41.026],[70.757,40.695],[70.354,40.455],[70.959,40.238]]]}},{"type":"Feature","properties":{"name":"Thailand"},"geometry":{"type":"Polygon","coordinates":[[[102.912,11.647],[102.632,12.152],[102.29,12.194],[101.768,12.705],[100.839,12.707],[100.965,13.472],[100.054,13.413],[100.022,12.192],[99.15,10.357],[99.255,9.232],[99.802,9.323],[99.96,8.638],[100.27,8.317],[100.439,7.478],[100.184,7.515],[100.997,6.856],[101.566,6.833],[102.074,6.257],[101.8,5.74],[101.534,5.906],[101.105,5.637],[101.069,6.252],[100.349,6.54],[100.126,6.442],[99.507,7.385],[99.032,7.722],[98.657,8.379],[98.294,8.215],[98.2,8.535],[98.513,9.837],[98.747,10.35],[98.765,10.689],[99.212,11.108],[99.629,11.826],[99.395,12.591],[99.093,13.038],[99.154,13.715],[98.549,14.377],[98.164,15.125],[98.567,15.453],[98.682,16.273],[98.42,17.03],[97.674,17.83],[97.379,18.521],[97.746,18.572],[97.768,19.397],[98.045,19.808],[98.531,19.676],[98.988,19.799],[99.939,20.446],[100.101,20.318],[100.547,20.167],[100.461,19.537],[101.21,19.59],[101.325,19.021],[101.03,18.428],[101.166,18.053],[100.886,17.596],[101.13,17.46],[102.077,18.214],[102.596,17.851],[103.02,17.984],[103.308,18.426],[104,18.318],[104.82,17.349],[104.766,16.511],[105.652,15.635],[105.422,14.435],[105.184,14.345],[104.77,14.44],[103.902,14.342],[103.647,14.445],[102.934,14.201],[102.7,13.762],[102.333,13.565],[102.477,12.719],[102.765,12.417],[102.7,12.138],[102.912,11.647]]]}},{"type":"Feature","properties":{"name":"The Bahamas"},"geometry":{"type":"MultiPolygon","coordinates":[[[[-77.813,26.906],[-77.773,26.927],[-77.511,26.869],[-77.327,26.709],[-77.244,26.611],[-77.154,26.589],[-77.05,26.516],[-77.061,26.423],[-77.014,26.315],[-77.086,26.307],[-77.176,26.221],[-77.19,25.917],[-77.226,25.885],[-77.316,25.991],[-77.388,26.005],[-77.349,26.071],[-77.223,26.146],[-77.259,26.214],[-77.219,26.356],[-77.23,26.447],[-77.161,26.564],[-77.313,26.594],[-77.374,26.7],[-77.428,26.721],[-77.489,26.824],[-77.795,26.9],[-77.813,26.906]]],[[[-78.353,24.659],[-78.31,24.71],[-78.321,24.581],[-78.223,24.672],[-78.303,24.721],[-78.202,24.868],[-78.159,25],[-78.202,25.206],[-77.979,25.138],[-77.986,25.013],[-77.935,24.976],[-77.874,24.838],[-77.737,24.699],[-77.752,24.601],[-77.727,24.475],[-77.871,24.407],[-77.91,24.352],[-78.047,24.282],[-78.079,24.38],[-78.133,24.404],[-78.133,24.502],[-78.227,24.465],[-78.353,24.531],[-78.443,24.625],[-78.36,24.662],[-78.353,24.659]]],[[[-76.161,25.165],[-76.117,25.133],[-76.153,24.981],[-76.135,24.902],[-76.171,24.799],[-76.161,24.645],[-76.319,24.826],[-76.218,24.811],[-76.204,24.946],[-76.153,25.005],[-76.164,25.13],[-76.265,25.194],[-76.348,25.304],[-76.531,25.37],[-76.593,25.422],[-76.711,25.447],[-76.769,25.424],[-76.729,25.564],[-76.499,25.373],[-76.351,25.339],[-76.225,25.208],[-76.161,25.165]]],[[[-74.857,22.98],[-74.854,22.864],[-74.933,23.026],[-74.991,23.078],[-75.106,23.1],[-75.131,23.186],[-75.131,23.355],[-75.228,23.446],[-75.315,23.678],[-75.203,23.533],[-75.181,23.446],[-75.095,23.305],[-75.077,23.171],[-74.947,23.094],[-74.854,22.985],[-74.857,22.98]]],[[[-78.591,26.537],[-78.655,26.498],[-78.767,26.508],[-78.997,26.702],[-78.713,26.57],[-78.573,26.683],[-78.641,26.716],[-78.594,26.81],[-78.54,26.739],[-78.439,26.7],[-78.288,26.685],[-77.971,26.729],[-77.914,26.776],[-77.928,26.64],[-78.04,26.658],[-78.292,26.621],[-78.54,26.565],[-78.569,26.542],[-78.591,26.537]]],[[[-73.648,21.062],[-73.515,21.187],[-73.389,21.233],[-73.345,21.165],[-73.255,21.135],[-73.162,21.17],[-73.054,21.329],[-73.003,21.314],[-73.032,21.157],[-73.129,20.993],[-73.309,20.937],[-73.345,20.964],[-73.493,20.924],[-73.677,20.936],[-73.698,21.027],[-73.655,21.04],[-73.648,21.062]]],[[[-75.315,24.218],[-75.289,24.146],[-75.52,24.162],[-75.415,24.213],[-75.57,24.488],[-75.757,24.661],[-75.703,24.696],[-75.628,24.645],[-75.613,24.563],[-75.477,24.37],[-75.358,24.262],[-75.315,24.218]]],[[[-77.525,23.933],[-77.547,23.776],[-77.597,23.73],[-77.676,23.761],[-77.593,23.853],[-77.719,23.784],[-77.766,23.823],[-77.665,23.864],[-77.799,23.857],[-77.86,24.063],[-77.943,24.097],[-77.838,24.206],[-77.676,24.303],[-77.64,24.237],[-77.759,24.173],[-77.705,24.095],[-77.608,24.218],[-77.557,24.14],[-77.547,23.936],[-77.525,23.933]]]]}},{"type":"Feature","properties":{"name":"Togo"},"geometry":{"type":"Polygon","coordinates":[[[-0.167,11.135],[0.488,11.003],[0.902,10.993],[0.769,10.367],[1.33,9.997],[1.424,9.284],[1.6,9.05],[1.625,6.996],[1.568,6.679],[1.784,6.277],[1.618,6.215],[1.186,6.1],[0.765,6.419],[0.517,6.841],[0.646,7.302],[0.502,7.576],[0.614,7.699],[0.574,8.204],[0.711,8.298],[0.365,8.774],[0.538,9.377],[0.229,9.576],[0.398,10.284],[-0.099,10.654],[0.002,11.086],[-0.167,11.135]]]}},{"type":"Feature","properties":{"name":"Tonga","tiny":true},"geometry":{"type":"Polygon","coordinates":[[[-174.895,-21.074],[-174.864,-21.107],[-174.888,-21.162],[-175.013,-21.247],[-175.013,-21.361],[-175.076,-21.391],[-175.149,-21.361],[-175.21,-21.273],[-175.321,-21.225],[-175.337,-21.24],[-175.47,-21.184],[-175.549,-21.05],[-175.534,-21],[-175.424,-20.941],[-175.503,-21.028],[-175.424,-21.07],[-175.306,-21.048],[-175.234,-21.087],[-175.227,-21.109],[-175.273,-21.151],[-175.243,-21.181],[-175.179,-21.146],[-175.092,-21.181],[-175.061,-21.173],[-175.006,-21.087],[-174.927,-21.07],[-174.895,-21.074]]]}},{"type":"Feature","properties":{"name":"Trinidad and Tobago"},"geometry":{"type":"Polygon","coordinates":[[[-61.001,10.699],[-61.033,10.684],[-61.015,10.534],[-61.03,10.409],[-60.961,10.33],[-61.004,10.247],[-60.997,10.139],[-61.166,10.076],[-61.544,10.076],[-61.613,10.056],[-61.793,10.085],[-61.93,10.056],[-61.807,10.134],[-61.706,10.166],[-61.613,10.247],[-61.505,10.24],[-61.458,10.309],[-61.487,10.416],[-61.462,10.558],[-61.49,10.632],[-61.656,10.689],[-61.602,10.748],[-61.433,10.757],[-61.368,10.802],[-61.181,10.797],[-61.156,10.816],[-60.907,10.838],[-60.95,10.764],[-61.001,10.699]]]}},{"type":"Feature","properties":{"name":"Tunisia"},"geometry":{"type":"Polygon","coordinates":[[[11.504,33.181],[11.565,32.465],[10.874,32.136],[10.107,31.411],[10.269,30.915],[9.873,30.354],[9.52,30.229],[9.045,32.072],[8.318,32.561],[8.087,33.095],[7.749,33.208],[7.479,33.894],[7.832,34.414],[8.235,34.648],[8.246,35.908],[8.602,36.94],[9.668,37.335],[10.05,37.266],[10.438,36.729],[11.014,37.085],[11.137,36.871],[10.518,36.337],[10.608,35.856],[11.054,35.614],[11.162,35.238],[10.597,34.545],[10.125,34.326],[10.33,33.703],[10.978,33.644],[11.18,33.211],[11.504,33.181]]]}},{"type":"Feature","properties":{"name":"Turkey"},"geometry":{"type":"MultiPolygon","coordinates":[[[[43.44,41.107],[43.724,40.746],[43.562,40.464],[43.667,40.109],[44.466,39.973],[44.775,39.702],[44.808,39.64],[44.045,39.397],[44.426,38.377],[44.221,37.875],[44.595,37.717],[44.765,37.143],[44.243,36.977],[43.821,37.202],[42.77,37.376],[42.356,37.11],[42.212,37.325],[41.481,37.075],[40.898,37.122],[39.764,36.742],[38.663,36.72],[38.191,36.906],[37.446,36.634],[36.661,36.827],[36.139,35.82],[35.912,35.918],[35.79,36.32],[36.189,36.604],[36.06,36.918],[35.347,36.545],[34.735,36.822],[33.687,36.138],[32.805,36.026],[32.028,36.543],[30.685,36.891],[30.397,36.266],[29.673,36.123],[29.097,36.391],[28.305,37.051],[27.265,36.964],[27.618,37.274],[27.189,37.357],[27.276,37.929],[26.761,38.216],[26.235,38.274],[26.934,38.434],[26.718,38.721],[27.042,38.941],[26.628,39.268],[26.923,39.582],[26.113,39.459],[26.167,39.974],[26.736,40.403],[29.151,40.434],[29.356,40.763],[29.029,40.982],[29.23,41.241],[31.243,41.102],[32.262,41.72],[33.324,42.019],[34.8,41.962],[35.297,41.715],[35.955,41.735],[36.452,41.241],[36.621,41.376],[37.579,41.036],[38.331,40.918],[39.429,41.112],[40.124,40.92],[41.521,41.514],[42.439,41.431],[42.821,41.572],[43.44,41.107]]],[[[28.017,41.972],[28.082,41.644],[29.108,41.236],[28.982,41.001],[28.237,41.085],[27.524,40.989],[27.178,40.633],[26.156,40.055],[26.21,40.322],[26.829,40.602],[26.044,40.739],[26.635,41.399],[26.332,41.713],[26.624,41.968],[27.304,42.078],[27.549,41.925],[28.017,41.972]]]]}},{"type":"Feature","properties":{"name":"Turkmenistan"},"geometry":{"type":"Polygon","coordinates":[[[61.271,35.618],[61.166,36.636],[60.342,36.638],[60.018,37.026],[59.46,37.208],[59.352,37.494],[58.801,37.695],[57.354,37.968],[57.217,38.265],[56.4,38.243],[55.129,37.953],[54.784,37.517],[53.912,37.343],[53.826,38.525],[53.984,38.916],[53.581,39.331],[53.567,39.949],[52.739,40.054],[52.93,40.976],[53.722,40.626],[54.362,40.689],[54.715,41.116],[54.06,41.502],[53.898,42.078],[53.164,42.104],[52.822,41.764],[52.814,41.389],[52.436,41.749],[52.98,42.127],[54.046,42.345],[54.737,42.048],[55.511,41.259],[55.979,41.322],[57.012,41.254],[56.951,41.865],[57.383,42.164],[57.851,42.191],[58.132,42.639],[58.614,42.781],[59.478,42.286],[60.029,42.2],[60.094,41.389],[60.536,41.214],[61.656,41.249],[62.354,40.43],[62.452,40.01],[64.122,38.961],[64.338,38.971],[65.605,38.237],[66.624,37.994],[66.52,37.364],[65.76,37.578],[65.501,37.242],[64.777,37.119],[64.446,36.249],[63.344,35.856],[63.082,35.437],[62.286,35.14],[62.034,35.424],[61.271,35.618]]]}},{"type":"Feature","properties":{"name":"Turks and Caicos Islands","tiny":true},"geometry":{"type":"Polygon","coordinates":[[[-72.563,21.793],[-72.575,21.831],[-72.541,21.933],[-72.541,21.987],[-72.474,21.952],[-72.268,21.781],[-72.233,21.765],[-72.163,21.765],[-72.062,21.793],[-71.992,21.863],[-71.96,21.873],[-71.89,21.835],[-71.89,21.816],[-71.992,21.708],[-72.017,21.771],[-72.106,21.73],[-72.062,21.708],[-72.106,21.679],[-72.189,21.692],[-72.233,21.679],[-72.233,21.73],[-72.36,21.632],[-72.417,21.625],[-72.449,21.708],[-72.382,21.663],[-72.36,21.67],[-72.382,21.724],[-72.496,21.771],[-72.484,21.73],[-72.518,21.676],[-72.563,21.66],[-72.575,21.708],[-72.541,21.708],[-72.474,21.857],[-72.541,21.809],[-72.563,21.793]]]}},{"type":"Feature","properties":{"name":"Tuvalu","tiny":true},"geometry":{"type":"Polygon","coordinates":[[[179.082,-8.844],[179.175,-8.743],[179.2,-8.641],[179.175,-8.573],[179.141,-8.472],[179.141,-8.328],[179.175,-8.159],[179.234,-8.269],[179.234,-8.472],[179.293,-8.59],[179.327,-8.658],[179.234,-8.743],[179.082,-8.844]]]}},{"type":"Feature","properties":{"name":"Uganda"},"geometry":{"type":"Polygon","coordinates":[[[30.473,-1.067],[30.354,-1.062],[30.149,-1.345],[29.896,-1.47],[29.806,-1.325],[29.58,-1.389],[29.713,0.1],[29.947,0.825],[31.243,2.05],[30.707,2.463],[30.84,3.491],[31.142,3.785],[31.779,3.815],[32.175,3.521],[33.018,3.878],[33.529,3.771],[33.975,4.22],[34.447,3.646],[34.433,3.182],[34.922,2.454],[34.98,1.676],[33.893,0.11],[33.903,-1.002],[30.829,-1.002],[30.473,-1.067]]]}},{"type":"Feature","properties":{"name":"Ukraine"},"geometry":{"type":"Polygon","coordinates":[[[31.765,52.1],[32.355,52.321],[32.928,52.247],[33.803,52.355],[34.098,51.951],[34.188,51.249],[35.077,51.208],[35.693,50.344],[36.107,50.421],[36.636,50.214],[37.435,50.425],[38,49.9],[38.663,49.962],[38.666,49.966],[38.663,49.962],[38.936,49.803],[40.117,49.591],[40.135,49.236],[39.703,48.746],[39.995,48.274],[39.761,47.833],[38.879,47.862],[38.353,47.607],[38.216,47.103],[37.579,47.09],[37.334,46.882],[35.901,46.653],[34.811,46.176],[35.001,45.729],[34.688,45.974],[33.63,46.126],[32.503,46.077],[31.815,46.349],[32.363,46.467],[31.909,46.663],[30.991,46.602],[30.494,46.08],[29.59,45.558],[29.659,45.216],[29.32,45.444],[28.791,45.234],[28.201,45.462],[28.503,45.509],[28.474,45.658],[28.759,45.962],[28.932,45.992],[28.946,46.455],[29.202,46.524],[29.634,46.366],[30.08,46.374],[29.914,46.519],[29.929,46.81],[29.558,46.946],[29.41,47.279],[29.13,47.559],[29.238,47.87],[28.798,48.112],[28.078,48.245],[27.751,48.453],[27.175,48.361],[26.833,48.392],[26.617,48.258],[26.174,47.993],[25.263,47.899],[24.896,47.71],[24.543,47.944],[22.876,47.946],[22.131,48.405],[22.538,49.072],[22.642,49.528],[23.103,49.957],[24.108,50.538],[24.129,50.839],[23.607,51.517],[24.392,51.88],[25.767,51.928],[27.254,51.595],[28.212,51.652],[28.748,51.414],[29.122,51.625],[29.32,51.365],[30.149,51.484],[30.541,51.235],[30.57,51.7],[30.959,52.075],[31.765,52.1]]]}},{"type":"Feature","properties":{"name":"United Arab Emirates"},"geometry":{"type":"Polygon","coordinates":[[[56.278,25.628],[56.382,24.978],[56.033,24.753],[55.788,24.855],[55.756,24.23],[55.997,24.081],[55.457,23.963],[55.54,23.771],[55.19,22.996],[55.187,22.703],[55.104,22.621],[52.584,22.931],[51.594,24.078],[51.569,24.257],[51.81,24],[52.343,24.007],[52.67,24.146],[53.588,24.048],[54.136,24.152],[54.485,24.389],[54.708,24.804],[55.05,24.993],[55.878,25.74],[56.076,26.06],[56.278,25.628]],[[56.26,25.331],[56.234,25.312],[56.26,25.331],[56.26,25.331]]]}},{"type":"Feature","properties":{"name":"United Republic of Tanzania"},"geometry":{"type":"MultiPolygon","coordinates":[[[[32.921,-9.408],[31.938,-9.062],[31.355,-8.588],[31.034,-8.601],[30.753,-8.194],[30.296,-7.149],[29.738,-6.652],[29.475,-6.002],[29.594,-5.621],[29.342,-4.999],[29.403,-4.451],[29.734,-4.464],[30.005,-4.272],[30.177,-4.04],[30.469,-3.513],[30.8,-3.275],[30.825,-2.978],[30.494,-2.941],[30.415,-2.851],[30.523,-2.649],[30.422,-2.681],[30.555,-2.401],[30.836,-2.345],[30.887,-2.083],[30.818,-2.019],[30.84,-1.615],[30.739,-1.406],[30.555,-1.318],[30.473,-1.067],[30.829,-1.002],[33.903,-1.002],[34.051,-1.04],[37.644,-3.046],[37.601,-3.513],[39.192,-4.677],[38.778,-6.031],[38.864,-6.374],[39.465,-6.858],[39.275,-7.617],[39.455,-8.01],[39.282,-8.309],[39.807,-9.852],[40.437,-10.475],[40.009,-10.811],[38.493,-11.413],[38.115,-11.249],[37.428,-11.723],[37.032,-11.565],[36.2,-11.701],[34.965,-11.573],[34.595,-11.016],[34.674,-10.739],[34.483,-9.947],[34.011,-9.477],[33.911,-9.717],[32.921,-9.408]]],[[[39.545,-6.321],[39.199,-6.22],[39.314,-5.719],[39.527,-6.175],[39.545,-6.321]]]]}},{"type":"Feature","properties":{"name":"United States Virgin Islands","tiny":true},"geometry":{"type":"Polygon","coordinates":[[[-64.384,17.766],[-64.441,17.762],[-64.609,17.697],[-65.033,17.638],[-65.07,17.628],[-65.047,17.691],[-65.055,17.776],[-65.033,17.817],[-64.952,17.792],[-64.865,17.841],[-64.814,17.845],[-64.733,17.796],[-64.668,17.77],[-64.654,17.752],[-64.603,17.79],[-64.53,17.806],[-64.449,17.8],[-64.384,17.78],[-64.384,17.766]]]}},{"type":"Feature","properties":{"name":"Uruguay"},"geometry":{"type":"Polygon","coordinates":[[[-53.38,-33.741],[-53.765,-34.391],[-54.938,-34.97],[-55.792,-34.774],[-56.069,-34.901],[-56.796,-34.698],[-57.203,-34.441],[-57.854,-34.472],[-58.402,-33.923],[-58.351,-33.121],[-58.056,-32.881],[-58.2,-32.447],[-58.204,-31.893],[-57.905,-31.241],[-57.887,-30.59],[-57.613,-30.183],[-57.214,-30.287],[-56.832,-30.102],[-56.011,-30.797],[-56.011,-31.083],[-55.612,-30.843],[-55.244,-31.245],[-54.604,-31.459],[-53.113,-32.741],[-53.538,-33.172],[-53.38,-33.741]]]}},{"type":"Feature","properties":{"name":"USA"},"geometry":{"type":"MultiPolygon","coordinates":[[[[-74.713,44.999],[-71.506,45.013],[-71.394,45.241],[-70.649,45.427],[-70.282,45.891],[-70.008,46.705],[-69.252,47.453],[-68.906,47.19],[-68.298,47.369],[-67.805,47.036],[-67.808,45.712],[-67.448,45.611],[-67.175,45.178],[-66.977,44.815],[-68.06,44.329],[-68.111,44.479],[-68.986,44.422],[-69.076,44.052],[-69.95,43.85],[-70.804,42.914],[-70.599,42.634],[-71.049,42.321],[-70.534,41.816],[-69.979,41.681],[-71.499,41.366],[-72.892,41.246],[-73.633,41.008],[-74.281,40.498],[-73.972,40.395],[-74.166,39.699],[-74.836,38.963],[-75.531,39.478],[-75.084,38.796],[-75.095,38.335],[-75.887,37.357],[-75.631,37.96],[-76.319,38.473],[-76.402,39.228],[-76.51,38.368],[-76.247,37.904],[-76.477,36.908],[-75.988,36.911],[-75.786,36.082],[-76.02,36.192],[-76.729,35.945],[-76.049,35.984],[-75.783,35.576],[-76.765,34.99],[-76.326,34.976],[-77.669,34.377],[-78.033,33.892],[-78.763,33.779],[-79.199,33.188],[-80.895,32.058],[-81.334,31.545],[-81.517,30.842],[-81.179,29.586],[-80.599,28.6],[-80.74,28.374],[-80.074,26.974],[-80.142,25.902],[-80.452,25.243],[-81.085,25.122],[-81.323,25.783],[-81.712,25.981],[-82.054,26.84],[-82.313,26.849],[-82.659,27.462],[-82.389,27.811],[-82.835,27.886],[-82.63,28.874],[-83.397,29.655],[-84.023,30.106],[-84.887,29.73],[-85.355,29.888],[-86.14,30.483],[-87.763,30.28],[-88.008,30.726],[-88.12,30.338],[-88.858,30.408],[-89.596,30.155],[-90.222,30.388],[-90.435,30.143],[-89.639,30.14],[-89.333,29.88],[-89.722,29.64],[-89.009,29.196],[-89.409,28.97],[-89.495,29.23],[-90.183,29.579],[-90.017,29.299],[-90.885,29.134],[-91.684,29.753],[-92.278,29.534],[-93.2,29.774],[-94.06,29.682],[-94.888,29.377],[-95.601,28.764],[-96.227,28.586],[-97.217,28.075],[-97.556,26.825],[-97.138,25.966],[-98.222,26.076],[-99.107,26.423],[-99.46,27.057],[-99.507,27.573],[-100.259,28.261],[-100.67,29.117],[-101.548,29.821],[-102.322,29.893],[-102.693,29.736],[-103.146,28.985],[-104.057,29.34],[-104.532,29.667],[-104.885,30.552],[-106.516,31.775],[-108.215,31.778],[-108.215,31.327],[-111.005,31.327],[-114.821,32.501],[-114.724,32.713],[-117.125,32.531],[-117.511,33.335],[-118.544,34.039],[-119.217,34.145],[-119.617,34.421],[-120.473,34.451],[-120.646,35.14],[-121.899,36.305],[-121.791,36.806],[-122.396,37.181],[-122.515,37.781],[-122.039,37.452],[-122.504,38.113],[-122.529,37.816],[-123.728,38.919],[-123.854,39.834],[-124.408,40.444],[-124.063,41.437],[-124.549,42.845],[-124.174,43.762],[-123.897,45.56],[-123.901,46.747],[-124.131,46.886],[-124.423,47.742],[-124.736,48.171],[-124.574,48.37],[-124.052,48.177],[-122.857,48.125],[-122.324,47.39],[-122.212,47.987],[-122.533,48.25],[-122.5,48.74],[-122.752,48.993],[-95.176,48.993],[-95.162,49.369],[-94.827,49.294],[-94.712,48.807],[-93.758,48.517],[-92.649,48.537],[-92.386,48.233],[-92.044,48.334],[-91.576,48.049],[-90.924,48.226],[-89.34,47.985],[-88.347,48.299],[-84.88,46.897],[-84.588,46.475],[-84.109,46.526],[-83.965,46.063],[-82.533,45.293],[-82.144,43.601],[-82.525,42.62],[-83.13,42.24],[-83.069,41.849],[-82.425,41.676],[-81.276,42.208],[-80.247,42.365],[-79.019,42.803],[-79.174,43.465],[-78.688,43.632],[-76.841,43.625],[-76.456,44.084],[-75.271,44.864],[-74.713,44.999]]],[[[-141.004,69.651],[-141.001,60.322],[-140.014,60.188],[-139.1,60.347],[-139.183,60.073],[-137.61,59.239],[-137.487,58.9],[-136.465,59.288],[-136.35,59.592],[-135.482,59.793],[-135.097,59.418],[-133.394,58.403],[-132.033,57.029],[-132.109,56.858],[-130.838,56.372],[-130.021,55.908],[-129.988,55.285],[-130.384,54.896],[-130.935,54.825],[-131.058,55.198],[-130.888,55.715],[-131.198,55.972],[-131.734,55.887],[-131.961,55.501],[-131.878,56.223],[-132.879,57.022],[-133.552,57.181],[-133.39,57.335],[-134.089,58.187],[-134.733,58.373],[-135.23,59.126],[-135.554,59.231],[-135.057,58.351],[-135.91,58.381],[-136.098,58.876],[-136.486,58.8],[-136.026,58.388],[-136.562,58.272],[-137.671,58.633],[-138.286,59.08],[-139.856,59.547],[-139.622,59.891],[-140.616,59.709],[-142.797,60.112],[-143.917,59.997],[-144.943,60.306],[-144.756,60.685],[-145.234,60.369],[-145.94,60.457],[-145.62,60.663],[-146.264,60.654],[-147.049,61.011],[-147.888,60.845],[-148.147,61.119],[-148.374,60.779],[-147.956,60.436],[-148.402,59.991],[-149.389,59.997],[-150.368,59.469],[-151.743,59.167],[-151.902,59.4],[-151.272,59.56],[-151.884,59.786],[-151.283,60.538],[-151.412,60.702],[-150.451,61.034],[-149.126,60.884],[-150.451,61.252],[-150.541,61.369],[-151.567,60.995],[-152.341,60.477],[-153.054,59.71],[-154.145,59.381],[-154.188,59.035],[-153.687,59.064],[-153.288,58.844],[-153.9,58.616],[-154.584,58.025],[-155.041,58.017],[-155.743,57.552],[-156.02,57.576],[-156.549,56.983],[-158.357,56.472],[-158.209,56.284],[-158.666,55.97],[-159.847,55.852],[-160.477,55.494],[-161.517,55.384],[-163.321,54.813],[-163.335,55.119],[-162.489,55.381],[-161.773,55.896],[-160.581,55.99],[-160.369,56.277],[-158.943,56.843],[-158.313,57.314],[-157.68,57.573],[-157.503,58.464],[-156.978,58.954],[-158.155,58.614],[-158.915,58.775],[-159.051,58.425],[-159.588,58.908],[-159.905,58.765],[-160.351,59.07],[-161.719,58.599],[-161.971,59.354],[-161.715,59.501],[-162.374,60.17],[-162.579,59.984],[-163.616,59.802],[-164.675,60.311],[-165.431,60.553],[-164.667,60.826],[-163.778,60.58],[-163.407,60.752],[-165.038,60.916],[-165.92,61.399],[-165.611,61.851],[-165.693,62.13],[-164.811,62.62],[-164.595,63.13],[-164.145,63.261],[-163.35,63.03],[-162.169,63.432],[-161.186,63.506],[-160.79,63.746],[-160.974,64.251],[-161.467,64.509],[-160.805,64.643],[-161.183,64.94],[-163.134,64.413],[-164.343,64.59],[-164.837,64.455],[-166.19,64.585],[-166.755,65.115],[-166.356,65.276],[-168.091,65.597],[-167.346,65.899],[-164.718,66.556],[-163.735,66.603],[-163.998,66.227],[-163.681,66.078],[-162.18,66.076],[-160.995,66.242],[-161.867,66.482],[-162.637,66.9],[-162.327,66.961],[-161.633,66.458],[-161.204,66.539],[-160.25,66.402],[-160.88,66.672],[-161.481,66.534],[-161.867,66.706],[-161.834,67.056],[-162.435,66.991],[-163.688,67.103],[-164.153,67.62],[-166.298,68.3],[-166.237,68.874],[-164.347,68.93],[-163.127,69.389],[-162.95,69.791],[-161.906,70.321],[-160.862,70.347],[-159.519,70.836],[-158.043,70.836],[-156.816,71.306],[-155.624,71.184],[-156.071,70.973],[-155.577,70.847],[-155.21,71.123],[-154.13,70.791],[-153.302,70.929],[-152.219,70.818],[-152.629,70.558],[-151.981,70.448],[-149.346,70.51],[-147.124,70.168],[-145.839,70.168],[-145.303,69.999],[-143.301,70.117],[-142.272,69.855],[-141.004,69.651]]],[[[-152.161,57.627],[-152.337,57.432],[-152.975,57.519],[-153.673,57.01],[-154.238,56.899],[-154.782,57.274],[-154.616,57.527],[-153.925,57.811],[-153.212,57.785],[-153.295,58.008],[-152.485,57.91],[-152.345,57.633],[-152.161,57.627]]],[[[-171.158,63.609],[-170.309,63.699],[-169.52,63.353],[-168.714,63.312],[-169.754,62.966],[-169.819,63.126],[-170.856,63.461],[-171.439,63.321],[-171.853,63.521],[-171.378,63.636],[-171.158,63.609]]],[[[-131.976,54.832],[-133.25,55.585],[-133.286,56.168],[-132.735,55.997],[-131.983,55.256],[-131.972,54.832],[-131.976,54.832]]],[[[-154.901,19.568],[-154.818,19.48],[-155.88,19.029],[-156.06,19.732],[-155.869,20.263],[-155.333,20.047],[-154.951,19.612],[-154.901,19.568]]],[[[-134.622,56.744],[-134.658,56.174],[-135.676,57.358],[-135.381,57.554],[-134.838,57.259],[-134.632,56.755],[-134.622,56.744]]],[[[-135.849,57.394],[-136.418,57.834],[-135.813,58.275],[-134.924,58.027],[-134.812,57.498],[-135.77,57.76],[-135.824,57.387],[-135.849,57.394]]],[[[-163.073,54.687],[-164.131,54.623],[-164.801,54.405],[-164.959,54.586],[-164.549,54.883],[-163.573,55.057],[-163.083,54.694],[-163.073,54.687]]],[[[-71.92,41.065],[-72.406,40.862],[-73.99,40.569],[-73.907,40.788],[-73.115,40.974],[-71.92,41.058],[-71.92,41.065]]],[[[-165.582,59.952],[-166.158,59.827],[-167.191,60.028],[-166.118,60.426],[-165.679,60.278],[-165.578,59.962],[-165.582,59.952]]],[[[-166.295,53.728],[-167.508,53.26],[-166.633,54.005],[-166.316,53.731],[-166.295,53.728]]],[[[-134.355,57.093],[-134.798,58.113],[-134.204,58.128],[-134.29,57.836],[-133.938,57.309],[-134.362,57.095],[-134.355,57.093]]],[[[-167.857,53.393],[-169.041,52.853],[-168.372,53.461],[-167.85,53.404],[-167.857,53.393]]],[[[-130.96,55.585],[-131.191,55.185],[-131.81,55.477],[-131.58,55.908],[-131.209,55.945],[-130.957,55.6],[-130.96,55.585]]],[[[-133.912,57.083],[-132.98,56.934],[-133.131,56.475],[-133.66,56.465],[-133.923,57.076],[-133.912,57.083]]],[[[-152.802,58.289],[-152.795,58.287],[-152.665,58.476],[-152.003,58.351],[-152.118,58.148],[-153.23,58.169],[-152.802,58.289]]],[[[-132.703,54.702],[-133.218,55.099],[-133.106,55.249],[-132.688,54.717],[-132.703,54.702]]],[[[-156.002,20.8],[-156.409,20.588],[-156.697,20.915],[-156.053,20.816],[-156.002,20.8]]],[[[-133.884,56.49],[-134.398,56.73],[-134.013,56.885],[-133.894,56.492],[-133.884,56.49]]]]}},{"type":"Feature","properties":{"name":"Uzbekistan"},"geometry":{"type":"Polygon","coordinates":[[[70.959,40.238],[70.354,40.455],[70.757,40.695],[70.447,41.026],[69.691,40.629],[69.385,40.797],[69.284,40.195],[69.018,40.233],[68.435,39.528],[67.765,39.623],[67.376,39.199],[68.1,38.98],[68.096,38.433],[68.359,38.174],[67.83,37.527],[67.78,37.188],[66.52,37.364],[66.624,37.994],[65.605,38.237],[64.338,38.971],[64.122,38.961],[62.452,40.01],[62.354,40.43],[61.656,41.249],[60.536,41.214],[60.094,41.389],[60.029,42.2],[59.478,42.286],[58.614,42.781],[58.132,42.639],[57.851,42.191],[57.383,42.164],[56.951,41.865],[57.012,41.254],[55.979,41.322],[55.975,44.996],[58.531,45.558],[61.037,44.383],[62.027,43.481],[63.208,43.627],[64.428,43.547],[64.957,43.698],[65.515,43.297],[65.796,42.877],[66.102,42.99],[66.016,41.997],[66.505,41.994],[66.689,41.198],[67.938,41.2],[67.999,40.807],[68.593,40.599],[68.572,40.913],[69.043,41.379],[70.948,42.249],[70.17,41.578],[71.182,41.109],[71.686,41.534],[71.873,41.195],[73.119,40.783],[71.671,40.148],[70.959,40.238]],[[70.566,41.018],[70.595,41.009],[70.566,41.018],[70.566,41.018]]]}},{"type":"Feature","properties":{"name":"Vanuatu"},"geometry":{"type":"MultiPolygon","coordinates":[[[[167.141,-15.536],[167.094,-15.587],[166.907,-15.587],[166.817,-15.658],[166.77,-15.646],[166.615,-15.386],[166.651,-15.264],[166.601,-15.062],[166.521,-14.832],[166.557,-14.646],[166.611,-14.634],[166.687,-14.78],[166.737,-14.83],[166.788,-15.028],[166.802,-15.153],[166.921,-15.156],[166.968,-15.09],[166.975,-14.937],[167.083,-14.928],[167.054,-14.96],[167.09,-15.141],[167.141,-15.146],[167.184,-15.283],[167.166,-15.333],[167.234,-15.524],[167.159,-15.523],[167.141,-15.536]]],[[[167.814,-16.419],[167.843,-16.458],[167.745,-16.546],[167.623,-16.493],[167.501,-16.588],[167.385,-16.369],[167.378,-16.201],[167.321,-16.115],[167.234,-16.169],[167.148,-16.083],[167.184,-15.891],[167.227,-15.867],[167.335,-15.909],[167.396,-16.017],[167.396,-16.087],[167.486,-16.163],[167.533,-16.163],[167.745,-16.34],[167.803,-16.429],[167.814,-16.419]]]]}},{"type":"Feature","properties":{"name":"Vatican City","tiny":true},"geometry":{"type":"Polygon","coordinates":[[[12.454,41.561],[12.454,42.246],[12.454,41.561],[12.454,41.561]]]}},{"type":"Feature","properties":{"name":"Venezuela"},"geometry":{"type":"Polygon","coordinates":[[[-60.022,8.558],[-59.816,8.288],[-60.731,7.51],[-60.299,7.121],[-61.213,6.561],[-61.123,6.186],[-61.379,5.906],[-60.742,5.201],[-60.612,4.901],[-61.566,4.249],[-62.743,4.035],[-62.797,3.597],[-63.287,3.921],[-64.644,3.974],[-64.201,3.596],[-64.032,2.463],[-63.384,2.42],[-63.413,2.15],[-63.996,1.958],[-64.093,1.623],[-65.137,1.127],[-65.562,0.656],[-65.746,0.975],[-66.347,0.759],[-66.876,1.223],[-67.218,2.285],[-67.837,2.886],[-67.304,3.425],[-67.632,3.763],[-67.873,4.521],[-67.844,5.298],[-67.448,6.198],[-69.443,6.122],[-70.098,6.944],[-70.577,7.086],[-71.185,6.963],[-72.1,7.088],[-72.453,7.44],[-72.402,8.371],[-73.011,9.296],[-73.378,9.164],[-72.978,9.838],[-72.906,10.453],[-72.499,11.122],[-71.992,11.648],[-71.326,11.849],[-71.927,11.613],[-71.578,10.721],[-72.125,9.826],[-71.517,9.05],[-71.056,9.345],[-71.041,9.761],[-71.585,10.809],[-70.869,11.196],[-69.947,11.52],[-70.296,11.871],[-70.019,12.199],[-69.623,11.468],[-68.863,11.452],[-68.417,11.179],[-68.172,10.504],[-66.253,10.649],[-65.58,10.186],[-64.748,10.107],[-64.187,10.478],[-64.298,10.62],[-62.718,10.76],[-61.962,10.652],[-62.84,10.512],[-62.326,9.786],[-62.196,10.019],[-61.638,9.899],[-60.788,9.364],[-61.285,8.398],[-60.986,8.57],[-60.022,8.558]]]}},{"type":"Feature","properties":{"name":"Vietnam"},"geometry":{"type":"Polygon","coordinates":[[[107.52,14.705],[107.664,15.269],[107.16,15.758],[107.434,16.069],[106.732,16.417],[106.534,16.972],[105.735,17.665],[105.155,18.32],[105.112,18.698],[103.848,19.299],[103.996,19.652],[104.615,19.607],[104.954,20.009],[104.36,20.439],[104.601,20.66],[104.057,20.959],[103.665,20.659],[103.128,20.854],[102.866,21.246],[102.948,21.738],[102.12,22.398],[102.466,22.769],[103.046,22.44],[103.308,22.788],[103.96,22.508],[104.824,22.925],[105.292,23.367],[105.854,22.904],[106.79,22.796],[106.527,22.428],[106.721,22.008],[107.348,21.599],[107.992,21.486],[107.366,21.273],[107.15,20.93],[106.66,21.025],[106.79,20.731],[106.57,20.231],[105.868,19.774],[105.612,18.985],[106.098,18.29],[106.422,18.129],[106.764,17.335],[108.042,16.339],[108.921,15.058],[109.266,13.921],[109.23,13.462],[109.464,12.913],[109.205,12.646],[109.288,11.968],[109.022,11.368],[107.272,10.379],[106.772,10.686],[106.8,10.149],[106.192,9.369],[105.54,9.129],[105.101,8.634],[104.727,8.599],[104.892,9.852],[105.108,9.953],[104.45,10.419],[105.753,11.015],[106.178,10.767],[105.789,11.588],[106.016,11.77],[106.433,11.679],[106.703,11.971],[107.513,12.344],[107.459,13.021],[107.596,13.535],[107.319,14.12],[107.52,14.705]]]}},{"type":"Feature","properties":{"name":"Wallis and Futuna","tiny":true},"geometry":{"type":"Polygon","coordinates":[[[-178.244,-14.121],[-178.069,-14.295],[-178.069,-14.32],[-178.001,-14.334],[-177.773,-14.451],[-177.773,-14.49],[-178.035,-14.465],[-178.089,-14.49],[-178.142,-14.461],[-178.264,-14.441],[-178.317,-14.417],[-178.405,-14.276],[-178.458,-14.14],[-178.419,-14.062],[-178.244,-14.121]]]}},{"type":"Feature","properties":{"name":"West Bank"},"geometry":{"type":"Polygon","coordinates":[[[35.559,32.384],[35.574,32.237],[35.534,32.111],[35.523,31.92],[35.559,31.766],[35.48,31.641],[35.459,31.493],[35.459,31.491],[35.459,31.493],[35.39,31.487],[35.225,31.381],[35.163,31.363],[34.926,31.346],[34.868,31.396],[34.973,31.631],[35.106,31.726],[35.207,31.744],[35.181,31.805],[35.045,31.842],[34.955,31.82],[35.009,31.876],[34.976,31.948],[34.969,32.129],[34.947,32.178],[35.063,32.463],[35.21,32.543],[35.394,32.494],[35.408,32.414],[35.559,32.384]]]}},{"type":"Feature","properties":{"name":"Western Sahara"},"geometry":{"type":"Polygon","coordinates":[[[-8.681,27.661],[-8.681,27.285],[-8.707,25.995],[-12.015,25.995],[-12.015,23.495],[-13.016,23.018],[-13.092,22.496],[-13.016,21.334],[-16.958,21.332],[-17.055,20.767],[-17.012,21.42],[-14.841,21.451],[-14.222,22.31],[-14.02,23.411],[-13.768,23.791],[-13.311,23.98],[-13.059,24.4],[-12.429,24.829],[-12.03,26.03],[-11.716,26.104],[-11.338,26.633],[-11.392,26.883],[-10.921,27.009],[-9.733,26.861],[-9.412,27.089],[-8.793,27.121],[-8.681,27.661]]]}},{"type":"Feature","properties":{"name":"Yemen"},"geometry":{"type":"MultiPolygon","coordinates":[[[[51.979,18.995],[53.092,16.643],[52.534,16.447],[52.156,15.985],[52.235,15.622],[51.367,15.23],[49.113,14.531],[48.696,14.043],[48.015,14.058],[47.4,13.654],[46.683,13.426],[45.665,13.342],[44.88,12.729],[44.61,12.82],[43.947,12.597],[43.483,12.812],[42.691,15.703],[42.788,16.371],[43.209,16.773],[43.166,17.325],[45.164,17.428],[45.431,17.312],[46.709,17.275],[46.971,16.957],[47.429,17.092],[48.163,18.149],[49.128,18.612],[51.979,18.995]]],[[[54.47,12.543],[53.574,12.334],[53.498,12.712],[54.424,12.574],[54.47,12.543]]]]}},{"type":"Feature","properties":{"name":"Zambia"},"geometry":{"type":"Polygon","coordinates":[[[32.921,-9.408],[33.367,-9.9],[33.659,-10.602],[33.281,-10.913],[33.252,-12.14],[33.518,-12.372],[32.957,-12.725],[33,-13.202],[32.676,-13.567],[33,-14.05],[33.201,-14.015],[30.213,-14.982],[30.397,-15.636],[29.839,-15.615],[28.86,-16.049],[28.824,-16.472],[27.776,-17.002],[27.049,-17.944],[26.685,-18.067],[25.26,-17.794],[24.388,-17.471],[23.38,-17.642],[22.102,-16.537],[21.98,-16.144],[21.98,-13.001],[24,-13.001],[23.967,-10.872],[24.446,-11.463],[25.321,-11.205],[25.335,-11.634],[25.994,-11.906],[26.718,-12.014],[27.024,-11.595],[27.639,-12.294],[28.341,-12.451],[29.184,-13.437],[29.529,-13.235],[29.799,-13.424],[29.799,-12.154],[29.5,-12.453],[29.029,-12.377],[28.453,-11.781],[28.356,-11.446],[28.701,-10.643],[28.698,-9.792],[28.374,-9.234],[28.766,-8.934],[28.914,-8.473],[30.753,-8.194],[31.034,-8.601],[31.355,-8.588],[31.938,-9.062],[32.921,-9.408]]]}},{"type":"Feature","properties":{"name":"Zimbabwe"},"geometry":{"type":"Polygon","coordinates":[[[25.26,-17.794],[26.685,-18.067],[27.049,-17.944],[27.776,-17.002],[28.824,-16.472],[28.86,-16.049],[29.839,-15.615],[30.397,-15.636],[30.404,-16],[31.113,-15.997],[31.909,-16.429],[32.967,-16.681],[33.036,-18.332],[32.762,-19.464],[33.007,-20.033],[32.514,-20.565],[32.409,-21.291],[31.29,-22.397],[29.349,-22.187],[29.04,-21.797],[28.003,-21.564],[27.675,-21.09],[27.697,-20.509],[27.304,-20.477],[27.214,-20.11],[26.156,-19.538],[25.764,-18.63],[25.26,-17.794]]]}}]}